sym,day,ah_perp%,ah_stock%,xc_lag0,xc_best_lag_bars,xc_best,xc_p_leads1,xc_s_leads1,t50_perp,t50_stock,t80_perp,t80_stock,basis_2355_bps,dead_perp%,dead_stock%,basis_0745_bps,rth_next_perp%
COIN,2026-04-07,4.132475632366717,4.099412013614323,0.8975912553391774,0,0.8975912553391774,0.24494841692854677,0.19249106938735086,155,155,170,170,2.173794911008997,-0.4897968975546618,,,-5.442462317251494
HOOD,2026-04-07,6.8066649308853755,6.825558132988885,0.9381902143918638,0,0.9381902143918638,0.07260353865418735,0.10212482523494285,155,155,175,170,26.78453456121055,0.5879225913862918,,,-5.6795037528858385
MSTR,2026-04-07,5.3448432973602245,5.0206622113510235,0.9431852523686062,0,0.9431852523686062,0.16052194861569374,0.10040244157757498,150,155,170,170,25.97999474583723,0.5110808637907027,,,-2.629909354701548
MU,2026-04-07,6.234472992613682,6.033049981904703,0.9837989644122801,0,0.9837989644122801,-0.1928594075579823,-0.1737771335660126,155,155,175,175,16.173784582536044,1.6660694712634871,1.125159915940177,53.346510949685566,-1.1360288301839974
SNDK,2026-04-07,5.238828568242049,5.192423134983848,0.9512759384315893,0,0.9512759384315893,-0.08976466391796631,0.036542746205616726,155,155,175,175,15.434155116862414,2.0359976863922213,,,-2.4826976463565398
HOOD,2026-04-14,4.335885728393052,4.471536558622091,0.9806388137045707,0,0.9806388137045707,-0.00038576021180227664,0.0707738050951378,120,120,125,125,-7.2507556046730315,-0.6895327628519077,,,5.552408037486873
TSLA,2026-04-22,-4.395811892541079,-4.477585550731966,0.9958393539645561,0,0.9958393539645561,0.13209259761530323,0.09817924530216708,100,100,115,110,11.642197809393906,-1.7527378096944268,,,-1.4041185683439144
HOOD,2026-04-28,-11.174108266072746,-11.009328444181055,0.9962753819573319,0,0.9962753819573319,0.18564255401834714,0.136410748343335,5,5,15,85,14.772043242183841,-0.26845653706688566,,,-1.7938324293101937
SNDK,2026-04-28,4.422097618690035,4.22171674490146,0.9735531518655621,0,0.9735531518655621,0.18918669974755928,0.23789107948532584,10,10,65,65,16.04830117846845,-0.03622532189586636,,,-0.9305170948479116
SNDK,2026-04-30,-5.290780321926913,-5.265318406127317,0.9903426050153624,0,0.9903426050153624,0.25146955863537324,0.23380559971702072,5,5,5,5,0.5819423296760107,0.23457533815696152,,,10.876131976922503
MSTR,2026-05-05,-4.214721877875327,-4.216337634445644,0.9599840857925673,0,0.9599840857925673,0.08766657119261537,-0.03438585973197563,150,145,155,155,3.9142226574018224,1.3636201548007598,,,-0.7202528002193107
MU,2026-05-05,5.205241112359893,5.224706168454496,0.9759731737273097,0,0.9759731737273097,0.11760222836421842,0.04741075225150848,105,105,145,145,7.2484674145023575,-0.183361480410138,-0.3421085198246132,23.264267258946703,0.9768951257905197
COIN,2026-05-07,-5.118737958911712,-5.346602745305251,0.8579206574913922,0,0.8579206574913922,0.3398989864882442,0.24836745504792568,15,15,20,20,11.95587338765236,-0.21607614284233634,,,8.237149912244089
ORCL,2026-06-03,-4.741655246018173,-4.530166745241804,0.9747808237178645,0,0.9747808237178645,-0.1771288491762871,-0.1513301124201794,35,40,80,90,2.728388903285861,2.3439798575611626,2.5544745463988328,-11.068069751916099,4.18554259393064
ORCL,2026-06-10,-11.085268451311414,-10.91897605030665,0.9795584711977992,0,0.9795584711977992,-0.07240849583596302,-0.08617652885199421,45,45,155,155,-12.169489277074064,-0.14446052073333604,-0.2831054653928966,-2.2238283296172057,4.294457725574301
MU,2026-06-24,10.03768839450645,9.677010688593146,0.9971468718024631,0,0.9971468718024631,-0.18340792163680836,-0.17251443852053347,5,5,25,35,4.529601019607199,2.252995149581416,2.3611601174818198,-7.428640981128609,-2.8737260304588865
SNDK,2026-06-24,7.880190468472392,7.8724705920034665,0.991646570216157,0,0.991646570216157,0.04560955573583285,0.03162812468440536,15,15,20,20,4.69475938684738,-0.21682091463057773,-0.27932979056126683,8.900466813557273,2.9559917408862066
WDC,2026-06-24,9.519547102973824,9.61945486437461,0.9813639466370662,0,0.9813639466370662,0.09617386983088924,0.04916519317596932,10,10,20,20,-6.4938207362352784,-0.6013263886747389,-0.48864553890384244,13.489367002321728,-3.4936589624915055
AAPL,2026-07-30,-6.693856375214224,-6.809811811971311,0.9969919503068577,0,0.9969919503068577,0.2863672565027575,0.28318749015486006,40,40,85,85,26.53920884942096,-0.5951065395454869,-0.4164670443648433,3.8515856170118212,2.2146912043647027
COIN,2026-07-30,-5.797638642096725,-5.667504961560166,0.990713177044533,0,0.990713177044533,0.2956605389493122,0.260982866587633,5,5,10,10,17.381792125306106,0.4678745916881333,0.4107309072856502,15.998467559787954,-0.9585063696770255
SNDK,2026-07-30,4.273996637564537,4.745505541055728,0.9668704899454688,0,0.9668704899454688,0.06028420122201389,-0.0056462314072308825,25,25,90,80,-16.547611390791417,-3.5604790676099896,-3.1277034408063287,-34.58889866741366,-12.087440852863116
PLTR,2026-08-03,13.93781455130867,13.959234789591779,0.9984791018326743,0,0.9984791018326743,-0.30130596347292093,-0.27131551273772897,5,5,45,45,8.995606599064843,0.09699993831997489,0.1662625945871632,-4.846470825636828,8.2222290723309
AMD,2026-08-04,-9.53504900395794,-9.582135750351117,0.9985567087997381,0,0.9985567087997381,-0.2262577493259961,-0.2371466236632464,15,15,15,15,13.734379304963795,1.0719970076085161,0.7994993143877416,42.658255479377516,-2.5572861624697
SNDK,2026-08-05,-8.072631959969012,-7.735576671388422,0.9936653812020987,0,0.9936653812020987,-0.3830447026117382,-0.38366595077946153,5,5,90,90,35.896877296099916,-2.275217081818681,-2.166943325762194,19.364855204164755,4.619729077619376
