hl,seg,n_hours,idx_gap_mean,idx_gap_std,bn_prem_mean,bn_prem_absmax,hl_prem_mean,hl_prem_absmax,trade_gap_mean
SNDK,AH,56,8.4,9.8,2.1,52.3,1.2,16.2,9.4
SNDK,DEAD,104,8.9,6.4,2.2,29.7,1.4,24.1,10.5
SNDK,PRE,78,10.5,10.3,1.7,35.7,2.2,10.6,9.7
SNDK,RTH,79,10.7,7.1,-3.6,38.6,-0.6,18.5,7.3
SNDK,WKND,102,8.4,20.4,3.2,94.2,1.5,68.6,10.1
SPCX,AH,55,9.3,6.9,-2.0,38.5,-2.0,25.4,8.8
SPCX,DEAD,104,9.7,3.8,0.0,12.3,-1.3,11.7,11.0
SPCX,PRE,78,11.4,8.0,-0.8,23.8,-0.8,11.4,11.2
SPCX,RTH,78,11.2,4.3,-0.5,21.3,-1.1,13.5,11.4
SPCX,WKND,102,11.9,15.0,0.6,51.3,0.5,74.5,11.7
SKHX,KRX,91,4.3,30.9,23.9,130.3,20.0,156.1,10.3
SKHX,KR_AH,26,11.0,60.0,8.9,114.6,12.7,82.2,7.4
SKHX,KR_DEAD,186,4.5,58.2,7.1,247.1,7.0,182.0,5.6
SKHX,KR_PRE,14,55.7,59.7,-31.2,223.2,13.5,150.9,9.8
SKHX,WKND,102,-9.7,33.2,4.1,193.2,2.5,112.5,-7.9
DRAM,AH,55,8.8,11.6,2.2,36.8,2.2,10.8,9.4
DRAM,DEAD,104,10.2,7.4,3.6,18.6,3.0,32.7,11.1
DRAM,PRE,78,9.6,10.5,3.0,28.6,2.2,9.7,11.2
DRAM,RTH,78,9.6,4.1,1.6,15.0,2.8,10.7,8.7
DRAM,WKND,102,5.2,20.2,4.2,106.2,2.5,105.1,7.2
MU,AH,56,9.9,5.9,0.5,18.6,0.7,9.5,9.6
MU,DEAD,104,9.7,5.0,1.8,28.3,0.8,19.1,10.9
MU,PRE,78,9.7,9.1,2.6,32.9,1.9,14.2,10.4
MU,RTH,79,10.3,4.9,-1.2,21.6,1.2,23.0,8.1
MU,WKND,102,10.3,20.2,3.2,97.4,2.1,100.1,11.4
SKHY,AH,56,9.1,13.6,-1.5,43.2,-3.9,13.3,10.7
SKHY,DEAD,104,9.2,7.0,2.3,32.4,-1.4,29.4,13.4
SKHY,PRE,78,11.2,12.5,-0.4,57.4,-2.3,13.6,13.0
SKHY,RTH,80,10.0,7.0,-2.6,26.4,-5.0,15.7,11.9
SKHY,WKND,102,11.9,31.0,5.1,222.4,2.6,88.9,14.5
INTC,AH,56,9.8,6.0,3.6,16.4,3.9,10.1,10.0
INTC,DEAD,104,9.2,6.1,3.6,17.7,4.5,12.9,8.7
INTC,PRE,78,10.4,7.2,3.7,26.1,5.0,9.7,9.2
INTC,RTH,80,10.2,4.4,2.5,9.8,3.7,9.6,9.4
INTC,WKND,99,12.2,16.0,2.6,62.3,2.3,80.5,12.8
TSLA,AH,56,9.8,4.5,2.8,10.3,2.0,5.7,10.6
TSLA,DEAD,104,9.9,3.5,2.4,12.2,2.6,9.0,9.6
TSLA,PRE,78,10.1,4.8,2.5,18.1,2.6,7.3,10.3
TSLA,RTH,80,10.6,3.0,2.1,8.9,2.8,7.4,10.5
TSLA,WKND,102,10.3,6.8,1.0,23.0,1.1,27.2,10.2
NBIS,AH,56,9.2,14.0,3.1,31.6,1.2,20.6,11.0
NBIS,DEAD,104,8.1,9.6,3.5,17.4,1.7,67.7,10.5
NBIS,PRE,78,10.2,15.7,4.6,49.6,3.2,26.2,11.6
NBIS,RTH,80,11.5,8.4,0.7,17.1,1.0,12.8,10.6
NBIS,WKND,101,5.8,26.1,5.7,221.5,4.9,115.5,6.9
NVDA,AH,56,10.0,4.0,0.1,14.0,2.4,8.0,7.7
NVDA,DEAD,104,10.2,3.5,-0.0,8.8,2.1,9.9,8.1
NVDA,PRE,78,10.1,6.0,0.5,23.3,2.1,9.4,8.3
NVDA,RTH,80,10.2,3.6,-0.2,7.6,2.3,7.0,7.7
NVDA,WKND,102,10.3,13.8,0.4,70.2,0.6,51.3,10.1
SMSN,KRX,91,3.7,16.6,6.0,106.1,8.0,76.5,2.9
SMSN,KR_AH,26,8.7,41.6,1.9,83.6,9.2,68.3,1.4
SMSN,KR_DEAD,185,-4.8,58.2,6.8,259.6,5.2,191.3,-2.4
SMSN,KR_PRE,14,55.1,77.8,-47.7,204.7,4.4,73.0,2.4
SMSN,WKND,101,-19.6,33.3,4.8,216.3,2.4,106.2,-16.9
GOOGL,AH,56,8.5,5.9,5.0,18.2,3.4,9.5,10.4
GOOGL,DEAD,104,9.8,4.1,3.6,13.2,4.4,10.1,9.2
GOOGL,PRE,78,10.8,8.1,4.0,22.4,4.8,9.1,10.2
GOOGL,RTH,79,10.7,3.2,3.5,9.4,4.1,9.3,10.4
GOOGL,WKND,102,9.2,8.2,0.6,29.5,1.0,24.3,8.8
EWY,AH,56,5.7,14.9,3.4,47.4,-0.5,17.4,10.6
EWY,DEAD,104,10.0,7.2,1.6,32.0,0.8,42.8,11.2
EWY,PRE,78,9.8,11.8,0.7,22.0,0.1,10.7,10.8
EWY,RTH,78,11.4,6.6,-1.0,16.7,-0.4,7.4,10.3
EWY,WKND,99,10.7,19.1,2.4,77.9,1.2,59.7,12.0
CRCL,AH,56,9.9,12.7,1.7,31.2,3.6,9.8,8.2
CRCL,DEAD,103,9.2,5.2,1.9,17.5,2.6,34.6,8.9
CRCL,PRE,78,15.3,12.7,-0.1,29.3,4.6,13.2,10.5
CRCL,RTH,79,11.2,5.4,3.0,14.1,4.7,13.5,10.1
CRCL,WKND,99,6.1,15.4,1.1,59.2,0.8,70.2,6.4
AMD,AH,55,9.1,6.9,1.8,26.2,1.3,8.4,10.2
AMD,DEAD,104,9.7,4.9,2.4,14.5,1.7,13.0,10.5
AMD,PRE,78,8.6,11.7,3.5,36.9,2.1,12.3,10.1
AMD,RTH,79,11.1,4.2,0.1,9.0,1.4,5.8,9.7
AMD,WKND,97,11.1,13.1,2.1,50.7,1.9,76.1,11.5
CBRS,AH,55,7.8,19.8,1.5,69.3,-8.8,37.0,17.8
CBRS,DEAD,104,10.9,16.2,-2.6,77.4,-8.6,33.7,16.9
CBRS,PRE,78,12.4,24.3,-3.6,72.5,-7.8,39.9,16.4
CBRS,RTH,78,8.0,11.3,0.8,23.0,-7.5,12.6,16.9
CBRS,WKND,101,19.6,18.9,1.3,70.0,-1.2,58.4,22.1
MSTR,AH,55,9.4,11.0,3.1,26.2,4.8,11.6,8.0
MSTR,DEAD,101,9.8,5.8,2.3,16.4,3.3,24.5,8.9
MSTR,PRE,78,8.3,13.0,4.6,35.1,3.8,11.0,9.2
MSTR,RTH,79,10.5,8.4,1.0,14.6,3.0,9.0,8.8
MSTR,WKND,94,9.6,11.6,2.7,44.0,2.3,47.0,10.0
MRVL,AH,55,10.1,9.0,3.6,25.7,3.3,8.1,10.8
MRVL,DEAD,104,9.1,7.5,4.1,25.6,4.0,19.9,10.1
MRVL,PRE,78,10.6,11.4,5.0,30.9,4.8,11.7,11.1
MRVL,RTH,78,10.0,3.8,2.7,11.5,3.8,11.3,9.6
MRVL,WKND,100,7.3,17.4,2.5,83.6,2.8,88.1,7.1
AAPL,AH,56,8.3,4.4,3.6,18.5,0.9,11.5,11.1
AAPL,DEAD,104,10.4,3.5,2.1,17.6,0.3,10.8,12.2
AAPL,PRE,78,11.9,5.9,1.3,15.7,0.6,9.3,12.9
AAPL,RTH,79,10.2,2.6,2.2,10.5,1.1,6.2,11.5
AAPL,WKND,101,14.4,6.6,-0.4,26.4,0.4,14.1,13.8
MSFT,AH,55,9.9,6.7,-1.0,13.3,-2.1,8.3,10.9
MSFT,DEAD,104,10.6,3.3,-0.4,15.8,-1.1,9.1,11.2
MSFT,PRE,78,11.2,6.8,-0.9,17.0,-2.3,8.3,12.7
MSFT,RTH,79,10.4,3.0,-2.2,9.6,-3.0,11.0,11.3
MSFT,WKND,94,14.6,9.1,0.2,23.6,0.2,23.5,14.5
COIN,AH,55,10.9,11.7,4.1,24.4,5.6,12.4,9.8
COIN,DEAD,102,10.0,6.6,5.4,20.0,4.6,15.4,11.4
COIN,PRE,78,15.9,13.7,1.0,27.7,5.8,11.6,11.1
COIN,RTH,79,9.9,6.3,4.4,20.4,5.4,9.8,9.6
COIN,WKND,95,9.8,11.8,1.3,30.9,1.2,42.0,10.1
SOXL,AH,25,11.8,7.3,2.2,13.1,2.8,12.7,11.0
SOXL,DEAD,43,9.9,10.2,4.3,16.7,2.3,18.8,13.0
SOXL,PRE,34,11.2,14.8,2.2,35.5,4.0,9.1,9.5
SOXL,RTH,36,8.4,17.1,0.0,7.3,1.2,8.2,6.7
SOXL,WKND,43,13.5,25.1,-3.1,69.9,-3.1,63.3,13.3
