hl,seg,bars,dev_std,dev_p99,dev_hl_bars,p_gt10,p_gt20,p_gt50,conv20_n,conv20_med_min
SNDK,AH,624,6.402801993757901,21.59835212951886,3.9020050054206856,0.10416666666666667,0.011217948717948718,0.0,4,27.5
SNDK,DEAD,1214,4.015751676619294,12.185771574070635,1.8713119355700278,0.026359143327841845,0.0016474464579901153,0.0,1,30.0
SNDK,PRE,858,4.475416040735552,12.16754126857142,1.6482457884796298,0.038461538461538464,0.0011655011655011655,0.0,1,5.0
SNDK,RTH,1014,5.87579811956361,20.802375277589174,2.1366423665778536,0.10256410256410256,0.010848126232741617,0.0,3,120.0
SNDK,WKND,1223,3.2791483168943185,9.908201885064779,3.4877191681444986,0.008994276369582993,0.0,0.0,0,
SPCX,AH,624,5.331825521491092,15.206226710396987,2.7654161925044103,0.07852564102564102,0.003205128205128205,0.0,2,7.5
SPCX,DEAD,1185,3.536102521656894,9.411891969096368,2.721187726940248,0.00590717299578059,0.0,0.0,0,
SPCX,PRE,858,3.0686290708503434,8.925887402065726,1.4419001966745733,0.006993006993006993,0.0,0.0,0,
SPCX,RTH,1014,4.3686795361286785,13.797259787861412,1.240304977240977,0.027613412228796843,0.0,0.0,0,
SPCX,WKND,1223,2.928944372874054,7.518382885294049,1.8682608013962732,0.003270645952575634,0.0,0.0,0,
SKHX,KRX,977,12.071442598516684,33.06118990800732,6.170944102877146,0.43091095189355166,0.10644831115660185,0.0010235414534288639,13,70.0
SKHX,KR_AH,390,16.276932789858616,39.324228713621174,10.45743362240268,0.5,0.18717948717948718,0.0,5,75.0
SKHX,KR_DEAD,2184,13.230720148502202,47.24266705680295,12.706998442699486,0.3241758241758242,0.11721611721611722,0.00641025641025641,16,75.0
SKHX,KR_PRE,156,7.7618342630649435,18.078059557185757,2.7005682529128707,0.28205128205128205,0.00641025641025641,0.0,1,5.0
SKHX,WKND,1222,4.322016253711826,10.886198170923747,4.949768498198199,0.01718494271685761,0.0,0.0,0,
DRAM,AH,624,4.313602969234631,11.417952922090718,2.3490241193438943,0.02564102564102564,0.0,0.0,0,
DRAM,DEAD,1191,3.4355380290441855,9.166951590374346,1.1111584282477285,0.005877413937867338,0.0,0.0,0,
DRAM,PRE,858,2.7746881524985185,9.36366482924004,0.7423877574786789,0.008158508158508158,0.0011655011655011655,0.0,1,5.0
DRAM,RTH,1014,3.2720416202181353,9.002930449298542,0.8788894691605315,0.006903353057199211,0.0,0.0,0,
DRAM,WKND,1222,4.684075819302015,11.143734101833628,3.6287295957257237,0.0220949263502455,0.0024549918166939444,0.0,1,15.0
MU,AH,624,4.049541621503175,10.314131604126205,2.7350499874569936,0.01282051282051282,0.0,0.0,0,
MU,DEAD,1215,4.183813202207858,11.47105186392052,2.6969795707239896,0.019753086419753086,0.0,0.0,0,
MU,PRE,858,3.6674781967563623,9.383651626930215,1.791850801372605,0.006993006993006993,0.0,0.0,0,
MU,RTH,1014,3.887665583336297,11.58168996398077,1.2958215294372326,0.020710059171597635,0.0,0.0,0,
MU,WKND,1223,3.1181019787490456,7.900525006397834,4.771371665911389,0.001635322976287817,0.0,0.0,0,
SKHY,AH,624,4.531394647135822,12.061667458849685,2.466837361453268,0.038461538461538464,0.0,0.0,0,
SKHY,DEAD,1222,4.78144014881207,13.838042678254766,1.6730809210186595,0.04337152209492635,0.0,0.0,0,
SKHY,PRE,858,3.6373232418195744,11.410269913455783,1.060921058280675,0.019813519813519812,0.0,0.0,0,
SKHY,RTH,1014,5.347873974157073,18.063212596773564,1.9410839095899886,0.054240631163708086,0.007889546351084813,0.0,2,57.5
SKHY,WKND,1223,3.7154965871958017,10.367270746402074,3.380094730123272,0.011447260834014717,0.0,0.0,0,
INTC,AH,622,4.595816984631465,12.75955362288291,1.6561683860161156,0.022508038585209004,0.0,0.0,0,
INTC,DEAD,1216,4.465030570970935,14.93191220407233,0.45210774279688865,0.04029605263157895,0.001644736842105263,0.0,2,7.5
INTC,PRE,858,3.82796841680769,10.99372794931836,0.5551448037827189,0.018648018648018648,0.0,0.0,0,
INTC,RTH,1014,5.2434305472392175,14.797751005961945,0.8534292309973809,0.05917159763313609,0.0019723865877712033,0.0,2,5.0
INTC,WKND,1164,3.20374281087194,9.409408526950203,0.8916778683622155,0.006872852233676976,0.0,0.0,0,
TSLA,AH,623,2.6018456585447227,6.531672753607144,1.93428830084126,0.0,0.0,0.0,0,
TSLA,DEAD,1218,2.977899558554732,9.061701892385875,2.530140101139637,0.007389162561576354,0.0,0.0,0,
TSLA,PRE,858,2.0151034542677455,5.776975670608056,0.7213933943668989,0.0034965034965034965,0.0,0.0,0,
TSLA,RTH,1014,2.9433009192621493,8.131009585902362,0.8816288677726343,0.0019723865877712033,0.0,0.0,0,
TSLA,WKND,1218,2.746273189947789,7.486285423832778,3.302464316503422,0.0008210180623973727,0.0,0.0,0,
NBIS,AH,623,6.291050070170185,17.66402890989995,0.8370793715164316,0.08507223113964688,0.009630818619582664,0.0,6,5.0
NBIS,DEAD,1228,6.236439251083506,17.204671229986722,0.6927403852366315,0.10749185667752444,0.004885993485342019,0.0,6,5.0
NBIS,PRE,858,5.842686939008459,17.190372743878605,0.617858177651604,0.09324009324009325,0.005827505827505828,0.0,5,5.0
NBIS,RTH,1014,8.03851996716216,24.543273610311473,0.42476697301497796,0.1863905325443787,0.023668639053254437,0.0,22,5.0
NBIS,WKND,1200,18.97664750902264,25.627823323126716,1.9365925799118757,0.09166666666666666,0.02,0.0025,6,12.5
NVDA,AH,624,2.993813849471728,7.899439425631757,3.51461274900602,0.0,0.0,0.0,0,
NVDA,DEAD,1221,2.5832930989908096,6.383458056478877,2.9155899818755735,0.0,0.0,0.0,0,
NVDA,PRE,858,2.048536990340063,5.188128702250089,1.268419424701284,0.0011655011655011655,0.0,0.0,0,
NVDA,RTH,1014,2.990534794006307,8.746872218353326,1.6074351301749799,0.0029585798816568047,0.0,0.0,0,
NVDA,WKND,1220,2.5172422550027473,6.673778793439299,3.617723886179847,0.000819672131147541,0.0,0.0,0,
SMSN,KRX,972,9.96450609037959,25.917155802916987,4.192947920701863,0.29732510288065844,0.08436213991769548,0.0,12,32.5
SMSN,KR_AH,390,11.526238822846198,28.923115227291532,6.951918658520724,0.36153846153846153,0.10512820512820513,0.0,4,87.5
SMSN,KR_DEAD,2183,11.90113618770814,40.45664732659008,7.030208890615208,0.26339899221255153,0.09207512597343105,0.0018323408153916628,14,32.5
SMSN,KR_PRE,156,13.833641471503721,39.506482922319805,9.306872812249383,0.38461538461538464,0.1346153846153846,0.0,1,120.0
SMSN,WKND,1204,7.134354485989179,27.271326151447365,5.328469966564944,0.11627906976744186,0.02159468438538206,0.0,2,37.5
GOOGL,AH,622,2.638571888893951,6.741849754280273,1.744116138862365,0.0,0.0,0.0,0,
GOOGL,DEAD,1216,2.6543051810818503,7.370347388781514,2.2016611692561967,0.0,0.0,0.0,0,
GOOGL,PRE,858,2.357766612218467,6.598008373231408,0.9892940984567357,0.0011655011655011655,0.0011655011655011655,0.0,1,5.0
GOOGL,RTH,1014,2.882079774431966,7.1929323385804,1.42080763820312,0.0029585798816568047,0.0,0.0,0,
GOOGL,WKND,1215,2.3917752452050274,5.923003404862272,2.876300631561718,0.0,0.0,0.0,0,
EWY,AH,620,4.9365294491539355,12.9618705229926,2.5944536556394073,0.056451612903225805,0.0,0.0,0,
EWY,DEAD,1199,4.241623176244806,12.501240125126078,0.7335535324262497,0.0316930775646372,0.0,0.0,0,
EWY,PRE,858,3.4769166042767345,9.205239267098912,0.7017837128035725,0.008158508158508158,0.0,0.0,0,
EWY,RTH,1014,4.446237973483371,12.835495248704607,1.040422982169166,0.026627218934911243,0.0009861932938856016,0.0,1,5.0
EWY,WKND,1141,4.177819664448923,11.833018844677445,1.7319543438060607,0.02366345311130587,0.0,0.0,0,
CRCL,AH,622,4.100170642291674,11.084565352181519,1.2223882319645176,0.024115755627009645,0.0,0.0,0,
CRCL,DEAD,1208,4.376666549414441,12.809652358079097,0.9406219519367217,0.030629139072847682,0.0016556291390728477,0.0,2,5.0
CRCL,PRE,858,4.190577953406049,13.975513573548985,1.0698147586467743,0.047785547785547784,0.0011655011655011655,0.0,1,10.0
CRCL,RTH,1014,5.627882003454724,15.004734644021907,1.0414316951526457,0.07593688362919132,0.0009861932938856016,0.0,1,5.0
CRCL,WKND,1176,4.239173875239285,11.129546205191158,1.3528299590533537,0.02295918367346939,0.0,0.0,0,
AMD,AH,611,3.593672526056815,10.85265895005,0.6450834417211684,0.011456628477905073,0.0,0.0,0,
AMD,DEAD,1187,3.8139273590232627,10.701333464595432,0.529029785844162,0.016006739679865205,0.0016849199663016006,0.0,2,5.0
AMD,PRE,854,4.007300131306872,13.334931542153374,0.4141327320939729,0.02576112412177986,0.0,0.0,0,
AMD,RTH,1014,5.055295665934401,11.79443969225985,0.29507344365103017,0.03057199211045365,0.0029585798816568047,0.0009861932938856016,3,5.0
AMD,WKND,1102,3.3636544318384978,8.563188158423184,1.14760885353874,0.003629764065335753,0.0,0.0,0,
CBRS,AH,620,5.946714422446654,17.195168963822606,1.0866765797142,0.08225806451612903,0.008064516129032258,0.0,3,10.0
CBRS,DEAD,1171,6.050589832653387,19.760356488622595,0.5792884621691599,0.0888129803586678,0.009393680614859094,0.0,11,5.0
CBRS,PRE,858,6.1792284020305335,20.4083965485507,0.419738989873871,0.08508158508158509,0.011655011655011656,0.0,10,5.0
CBRS,RTH,1014,7.19552033338981,22.383483089588054,0.309356848968994,0.14003944773175542,0.01775147928994083,0.0,16,5.0
CBRS,WKND,1109,4.996423414508951,15.58836215274127,0.777899495782543,0.04508566275924256,0.0018034265103697023,0.0,2,5.0
MSTR,AH,601,4.836743889748819,13.938382686998644,1.0624617701133556,0.051580698835274545,0.0016638935108153079,0.0,1,5.0
MSTR,DEAD,1181,5.422809109745015,15.672863995052987,1.079182322498344,0.056731583403895,0.002540220152413209,0.0,3,5.0
MSTR,PRE,853,4.2751897305389654,13.511134089151712,0.7360648999558377,0.026963657678780773,0.0023446658851113715,0.0,2,5.0
MSTR,RTH,1013,6.110226826211205,20.043289676611234,0.4070236550054433,0.0947680157946693,0.01085883514313919,0.0,11,5.0
MSTR,WKND,1041,4.485310768438407,11.087237523287131,1.421798831069616,0.01729106628242075,0.0,0.0,0,
MRVL,AH,623,5.412645780369995,15.086121051224358,1.035571054549728,0.06581059390048154,0.0016051364365971107,0.0,1,5.0
MRVL,DEAD,1188,5.919293662856076,19.91938702573937,0.49542888642992033,0.08838383838383838,0.010101010101010102,0.0,12,5.0
MRVL,PRE,858,4.388951432073601,12.951257038854042,0.5059855776022203,0.03613053613053613,0.002331002331002331,0.0,2,5.0
MRVL,RTH,1014,5.452071115331858,15.059851708560194,0.6143655225502345,0.07001972386587771,0.0009861932938856016,0.0,1,15.0
MRVL,WKND,1156,3.5251949951205126,11.39737998337068,0.6468479475189579,0.023356401384083045,0.0,0.0,0,
AAPL,AH,619,3.779020564154476,8.825072578240315,4.0042281257055645,0.0016155088852988692,0.0,0.0,0,
AAPL,DEAD,1215,2.5671683880272878,7.107050766854422,2.390887334059597,0.0,0.0,0.0,0,
AAPL,PRE,855,2.4814024136919457,6.082980570514967,1.364595717889314,0.0011695906432748538,0.0,0.0,0,
AAPL,RTH,1014,3.6180310550283385,8.922117243360333,1.975365516609559,0.006903353057199211,0.0009861932938856016,0.0,1,5.0
AAPL,WKND,1200,2.5691308554441585,6.734935460214043,1.7715472286154652,0.0,0.0,0.0,0,
MSFT,AH,617,3.522379460557819,9.221482412901251,1.5562606490006796,0.004862236628849271,0.0016207455429497568,0.0,1,5.0
MSFT,DEAD,1193,2.4258702776737495,6.346391310742312,0.8832845245138183,0.0008382229673093043,0.0,0.0,0,
MSFT,PRE,857,2.6144746170853708,6.994142698006597,0.8334005791330663,0.003500583430571762,0.0,0.0,0,
MSFT,RTH,1014,3.766228911108721,9.952262437261863,1.486811716900225,0.009861932938856016,0.0009861932938856016,0.0,1,5.0
MSFT,WKND,1120,2.5453627286895704,6.134661319848295,1.4204669717053784,0.0008928571428571428,0.0,0.0,0,
COIN,AH,588,4.192180218445125,12.19966453628465,1.0227255537930569,0.025510204081632654,0.0,0.0,0,
COIN,DEAD,1170,4.377153379101,14.86419860181564,0.5608156205350229,0.02905982905982906,0.003418803418803419,0.0,3,5.0
COIN,PRE,856,4.291880421254702,14.664549782229843,0.4649519833527108,0.03387850467289719,0.002336448598130841,0.0,2,7.5
COIN,RTH,1011,6.391881169245969,20.47384464089453,0.43419177884893584,0.09693372898120672,0.012858555885262116,0.0,12,5.0
COIN,WKND,1048,4.1259095766560225,10.230107109478189,1.420660883428255,0.01431297709923664,0.0,0.0,0,
SOXL,AH,259,5.819764238354289,16.802946598211058,0.664429145828618,0.08108108108108109,0.003861003861003861,0.0,1,5.0
SOXL,DEAD,474,8.233636221643538,25.75315472547158,0.27659791202057477,0.1877637130801688,0.027426160337552744,0.0,12,5.0
SOXL,PRE,337,6.810968848088053,19.5341060998277,0.6159991479123472,0.13056379821958458,0.008902077151335312,0.0,3,5.0
SOXL,RTH,456,12.326575663648134,46.692375146874184,0.0,0.25,0.08991228070175439,0.008771929824561403,25,5.0
SOXL,WKND,470,9.4060452072427,26.1324456029453,1.680935766894956,0.2680851063829787,0.031914893617021274,0.0,7,5.0
