hl,bn,seg,bars,mean_bps,std_bps,med_abs_bps,p99_abs_bps,max_abs_bps,adj_mean_bps,adj_std_bps,rho1,hl_bars,p_gt20,conv20_n,conv20_med_min,conv20_w60,p_gt50,conv50_n,conv50_med_min,conv50_w60,p_gt100,conv100_n,conv100_med_min,conv100_w60
SNDK,SNDK,AH,672,9.65,6.39,9.1,26.9,41.2,1.79,6.23,0.824,3.6,0.064,5,200.0,0.4,0.0,0,,,0.0,0,,
SNDK,SNDK,DEAD,1248,10.11,4.5,9.93,21.0,30.0,1.58,4.28,0.727,2.2,0.0208,6,82.5,0.33,0.0,0,,,0.0,0,,
SNDK,SNDK,PRE,858,10.12,4.54,9.94,21.8,25.4,1.38,4.32,0.686,1.8,0.0315,4,117.5,0.5,0.0,0,,,0.0,0,,
SNDK,SNDK,RTH,1032,7.39,4.88,7.56,20.9,28.2,-1.02,4.96,0.599,1.4,0.0116,7,20.0,1.0,0.0,0,,,0.0,0,,
SNDK,SNDK,WKND,1223,10.27,5.12,8.69,21.3,24.6,3.1,4.55,0.926,9.1,0.0294,2,815.0,0.5,0.0,0,,,0.0,0,,
SPCX,SPCX,AH,661,9.73,5.37,10.19,20.2,32.3,1.9,5.81,0.773,2.7,0.0121,3,10.0,0.67,0.0,0,,,0.0,0,,
SPCX,SPCX,DEAD,1248,10.96,3.41,11.01,18.7,20.2,2.43,3.73,0.746,2.4,0.0016,2,32.5,1.0,0.0,0,,,0.0,0,,
SPCX,SPCX,PRE,858,11.72,4.18,11.24,22.8,30.8,2.97,4.19,0.794,3.0,0.042,2,322.5,0.0,0.0,0,,,0.0,0,,
SPCX,SPCX,RTH,1014,11.08,4.81,11.41,22.7,33.7,2.69,4.6,0.656,1.6,0.0266,8,60.0,0.5,0.0,0,,,0.0,0,,
SPCX,SPCX,WKND,1223,11.78,5.21,11.96,20.2,23.7,4.61,4.28,0.901,6.6,0.0237,2,1422.5,0.5,0.0,0,,,0.0,0,,
SKHX,SKHYNIX,KRX,1014,9.98,11.4,10.39,47.4,71.8,1.48,11.18,0.879,5.4,0.1637,18,70.0,0.44,0.0079,1,55.0,1.0,0.0,0,,
SKHX,SKHYNIX,KR_AH,390,7.5,15.11,13.52,37.1,39.8,-1.22,14.91,0.939,11.1,0.2538,8,125.0,0.38,0.0,0,,,0.0,0,,
SKHX,SKHYNIX,KR_DEAD,2235,5.46,16.7,12.71,42.3,58.1,-2.91,16.4,0.967,20.6,0.2421,22,145.0,0.32,0.0031,3,55.0,0.67,0.0,0,,
SKHX,SKHYNIX,KR_PRE,168,10.76,15.36,15.52,38.7,41.0,2.86,14.46,0.91,7.4,0.3571,5,90.0,0.4,0.0,0,,,0.0,0,,
SKHX,SKHYNIX,WKND,1222,-8.02,10.76,11.02,24.2,29.0,-15.19,11.5,0.978,31.5,0.1432,5,335.0,0.2,0.0,0,,,0.0,0,,
DRAM,DRAM,AH,667,9.57,4.18,9.33,19.0,21.6,1.72,4.05,0.723,2.1,0.0075,3,145.0,0.33,0.0,0,,,0.0,0,,
DRAM,DRAM,DEAD,1248,10.81,3.43,10.71,18.6,29.3,2.28,3.89,0.51,1.0,0.004,3,35.0,0.67,0.0,0,,,0.0,0,,
DRAM,DRAM,PRE,858,11.24,2.74,11.23,18.2,21.5,2.5,3.06,0.387,0.7,0.0023,2,30.0,1.0,0.0,0,,,0.0,0,,
DRAM,DRAM,RTH,1014,9.1,3.05,9.01,17.2,22.1,0.72,3.14,0.377,0.7,0.002,2,20.0,1.0,0.0,0,,,0.0,0,,
DRAM,DRAM,WKND,1222,6.82,4.74,6.66,18.4,39.7,-0.35,4.82,0.83,3.7,0.0049,2,47.5,0.5,0.0,0,,,0.0,0,,
MU,MU,AH,672,9.97,4.26,10.2,19.1,24.2,2.1,3.87,0.768,2.6,0.006,3,15.0,1.0,0.0,0,,,0.0,0,,
MU,MU,DEAD,1248,10.85,4.21,11.27,19.5,22.2,2.32,4.05,0.755,2.5,0.004,5,265.0,0.2,0.0,0,,,0.0,0,,
MU,MU,PRE,858,10.31,4.14,10.38,19.2,26.1,1.57,3.84,0.746,2.4,0.007,6,72.5,0.5,0.0,0,,,0.0,0,,
MU,MU,RTH,1033,8.26,4.08,8.43,17.8,25.5,-0.14,4.07,0.619,1.4,0.0039,4,15.0,1.0,0.0,0,,,0.0,0,,
MU,MU,WKND,1223,11.25,5.08,10.43,20.8,27.5,4.08,4.37,0.95,13.4,0.0188,3,630.0,0.0,0.0,0,,,0.0,0,,
SKHY,SKHY,AH,672,10.87,4.58,10.62,20.0,22.8,3.01,4.59,0.73,2.2,0.0104,3,200.0,0.33,0.0,0,,,0.0,0,,
SKHY,SKHY,DEAD,1248,13.26,5.48,13.72,25.0,28.9,4.73,5.45,0.705,2.0,0.0978,23,35.0,0.61,0.0,0,,,0.0,0,,
SKHY,SKHY,PRE,858,13.54,4.11,13.31,23.3,29.7,4.8,4.34,0.617,1.4,0.049,10,97.5,0.3,0.0,0,,,0.0,0,,
SKHY,SKHY,RTH,1040,11.94,4.74,11.84,22.4,34.3,3.54,4.83,0.624,1.5,0.0279,9,90.0,0.22,0.0,0,,,0.0,0,,
SKHY,SKHY,WKND,1223,14.31,5.02,13.59,26.1,29.1,7.15,4.61,0.898,6.4,0.1619,5,75.0,0.4,0.0,0,,,0.0,0,,
INTC,INTC,AH,670,9.78,4.67,9.91,20.7,29.8,1.92,4.82,0.655,1.6,0.0119,7,25.0,0.86,0.0,0,,,0.0,0,,
INTC,INTC,DEAD,1244,8.56,5.15,8.29,21.9,31.5,0.03,5.02,0.375,0.7,0.0209,21,10.0,0.95,0.0,0,,,0.0,0,,
INTC,INTC,PRE,858,9.71,4.43,9.64,20.5,32.4,0.96,4.14,0.462,0.9,0.0128,9,10.0,1.0,0.0,0,,,0.0,0,,
INTC,INTC,RTH,1038,9.52,4.95,9.48,21.1,26.7,1.11,4.95,0.376,0.7,0.0154,11,15.0,0.82,0.0,0,,,0.0,0,,
INTC,INTC,WKND,1164,12.25,4.2,12.01,22.5,27.7,5.03,3.46,0.686,1.8,0.0404,9,75.0,0.44,0.0,0,,,0.0,0,,
TSLA,TSLA,AH,671,10.62,2.58,11.03,15.7,17.9,2.76,2.5,0.706,2.0,0.0,0,,,0.0,0,,,0.0,0,,
TSLA,TSLA,DEAD,1245,9.79,3.17,9.83,17.5,20.3,1.26,2.58,0.791,3.0,0.0016,1,260.0,0.0,0.0,0,,,0.0,0,,
TSLA,TSLA,PRE,858,10.54,2.65,10.68,16.6,22.8,1.79,2.23,0.638,1.5,0.0012,1,30.0,1.0,0.0,0,,,0.0,0,,
TSLA,TSLA,RTH,1039,10.55,3.29,10.73,18.4,22.9,2.15,3.01,0.571,1.2,0.0029,2,50.0,0.5,0.0,0,,,0.0,0,,
TSLA,TSLA,WKND,1218,10.07,2.76,9.99,16.4,18.4,2.9,2.37,0.813,3.3,0.0,0,,,0.0,0,,,0.0,0,,
NBIS,NBIS,AH,671,10.3,5.83,10.57,24.3,42.4,2.44,5.7,0.329,0.6,0.0387,20,15.0,1.0,0.0,0,,,0.0,0,,
NBIS,NBIS,DEAD,1248,10.11,6.38,10.12,26.3,36.2,1.58,6.37,0.402,0.8,0.0641,37,10.0,0.95,0.0,0,,,0.0,0,,
NBIS,NBIS,PRE,858,11.49,6.25,11.2,27.8,40.2,2.74,6.05,0.408,0.8,0.0839,27,20.0,0.89,0.0,0,,,0.0,0,,
NBIS,NBIS,RTH,1046,10.2,7.79,10.22,30.8,50.0,1.8,7.65,0.149,0.4,0.0966,73,10.0,0.99,0.0,0,,,0.0,0,,
NBIS,NBIS,WKND,1200,7.8,19.0,7.31,26.2,447.0,0.61,18.91,0.7,1.9,0.0333,12,17.5,0.92,0.0025,1,15.0,1.0,0.0025,1,15.0,1.0
NVDA,NVDA,AH,672,7.49,4.8,6.63,18.7,21.1,-0.37,4.3,0.932,9.8,0.0074,2,120.0,0.5,0.0,0,,,0.0,0,,
NVDA,NVDA,DEAD,1248,8.16,4.35,7.55,18.1,19.9,-0.37,3.47,0.924,8.8,0.0,0,,,0.0,0,,,0.0,0,,
NVDA,NVDA,PRE,858,8.62,4.0,8.0,17.3,27.8,-0.13,3.15,0.881,5.5,0.0035,2,157.5,0.0,0.0,0,,,0.0,0,,
NVDA,NVDA,RTH,1039,7.72,4.53,6.64,17.8,23.6,-0.68,4.05,0.845,4.1,0.0019,2,157.5,0.5,0.0,0,,,0.0,0,,
NVDA,NVDA,WKND,1220,10.06,7.13,9.79,21.3,23.3,2.89,6.03,0.977,29.6,0.0328,2,1235.0,0.0,0.0,0,,,0.0,0,,
SMSN,SAMSUNG,KRX,1014,2.38,9.27,4.78,29.4,34.9,-6.13,8.88,0.817,3.4,0.0631,14,32.5,0.71,0.0,0,,,0.0,0,,
SMSN,SAMSUNG,KR_AH,390,0.41,9.5,4.3,30.1,31.3,-8.31,9.39,0.89,5.9,0.0667,4,60.0,0.75,0.0,0,,,0.0,0,,
SMSN,SAMSUNG,KR_DEAD,2229,-2.45,14.2,7.25,42.1,56.2,-10.83,13.64,0.936,10.4,0.1579,18,45.0,0.56,0.0022,1,135.0,0.0,0.0,0,,
SMSN,SAMSUNG,KR_PRE,168,2.32,20.56,7.78,59.5,68.7,-5.57,20.05,0.957,15.8,0.2857,1,120.0,0.0,0.0238,0,,,0.0,0,,
SMSN,SAMSUNG,WKND,1204,-16.97,8.81,17.25,34.3,38.0,-24.15,9.64,0.92,8.3,0.3746,6,502.5,0.17,0.0,0,,,0.0,0,,
GOOGL,GOOGL,AH,670,9.86,3.2,10.14,15.8,16.4,2.0,3.49,0.779,2.8,0.0,0,,,0.0,0,,,0.0,0,,
GOOGL,GOOGL,DEAD,1248,9.33,2.73,9.73,14.9,18.1,0.8,3.29,0.75,2.4,0.0,0,,,0.0,0,,,0.0,0,,
GOOGL,GOOGL,PRE,858,10.22,2.47,10.13,15.6,36.9,1.48,2.93,0.556,1.2,0.0012,1,20.0,1.0,0.0,0,,,0.0,0,,
GOOGL,GOOGL,RTH,1034,10.6,3.01,10.71,17.0,21.8,2.2,3.15,0.648,1.6,0.001,1,45.0,1.0,0.0,0,,,0.0,0,,
GOOGL,GOOGL,WKND,1215,8.64,3.63,8.9,14.9,16.3,1.48,4.48,0.908,7.2,0.0,0,,,0.0,0,,,0.0,0,,
EWY,EWY,AH,668,10.15,4.5,10.24,20.9,29.4,2.29,4.27,0.723,2.1,0.015,5,75.0,0.4,0.0,0,,,0.0,0,,
EWY,EWY,DEAD,1248,11.02,4.83,11.12,22.6,28.1,2.49,4.62,0.519,1.1,0.0337,20,17.5,0.85,0.0,0,,,0.0,0,,
EWY,EWY,PRE,858,10.84,3.88,10.94,19.0,29.1,2.1,3.97,0.495,1.0,0.0082,6,17.5,1.0,0.0,0,,,0.0,0,,
EWY,EWY,RTH,1017,10.31,3.77,10.3,20.0,30.5,1.93,3.79,0.337,0.6,0.0108,9,10.0,0.89,0.0,0,,,0.0,0,,
EWY,EWY,WKND,1141,11.69,4.18,11.84,21.4,27.0,4.47,4.12,0.672,1.7,0.0228,7,80.0,0.43,0.0,0,,,0.0,0,,
CRCL,CRCL,AH,670,8.53,4.34,8.54,19.0,22.5,0.67,3.59,0.631,1.5,0.006,3,110.0,0.33,0.0,0,,,0.0,0,,
CRCL,CRCL,DEAD,1243,9.17,4.54,8.8,20.9,28.3,0.63,3.86,0.516,1.0,0.0121,10,30.0,0.7,0.0,0,,,0.0,0,,
CRCL,CRCL,PRE,858,10.51,4.25,10.42,21.0,26.5,1.77,3.85,0.531,1.1,0.0163,4,65.0,0.5,0.0,0,,,0.0,0,,
CRCL,CRCL,RTH,1031,9.64,5.22,9.87,21.6,27.7,1.23,4.62,0.442,0.8,0.0233,12,42.5,0.75,0.0,0,,,0.0,0,,
CRCL,CRCL,WKND,1176,6.85,4.8,6.35,18.3,24.0,-0.35,4.24,0.687,1.8,0.0034,3,70.0,0.33,0.0,0,,,0.0,0,,
AMD,AMD,AH,659,9.79,3.57,9.7,18.7,20.8,1.94,3.52,0.327,0.6,0.0015,1,65.0,0.0,0.0,0,,,0.0,0,,
AMD,AMD,DEAD,1220,10.27,3.89,9.97,20.7,33.9,1.74,3.88,0.283,0.5,0.0131,12,12.5,0.92,0.0,0,,,0.0,0,,
AMD,AMD,PRE,854,10.5,4.0,10.38,21.6,28.8,1.75,4.04,0.183,0.4,0.0187,14,12.5,0.93,0.0,0,,,0.0,0,,
AMD,AMD,RTH,1033,9.64,5.19,9.42,21.5,101.0,1.24,5.15,0.153,0.4,0.0155,13,15.0,1.0,0.001,1,5.0,1.0,0.001,1,5.0,1.0
AMD,AMD,WKND,1102,11.7,4.04,11.92,20.7,23.4,4.47,3.55,0.686,1.8,0.0163,8,25.0,0.62,0.0,0,,,0.0,0,,
CBRS,CBRS,AH,662,16.84,5.91,16.46,32.7,44.3,9.0,5.83,0.414,0.8,0.2598,23,50.0,0.57,0.0,0,,,0.0,0,,
CBRS,CBRS,DEAD,1229,17.13,6.67,16.55,35.2,45.3,8.58,6.42,0.408,0.8,0.2758,59,40.0,0.66,0.0,0,,,0.0,0,,
CBRS,CBRS,PRE,858,16.85,6.57,16.6,34.3,44.2,8.1,6.31,0.287,0.6,0.2669,42,40.0,0.6,0.0,0,,,0.0,0,,
CBRS,CBRS,RTH,1014,16.34,7.18,16.33,34.7,46.2,7.95,7.1,0.106,0.3,0.2702,75,20.0,0.77,0.0,0,,,0.0,0,,
CBRS,CBRS,WKND,1109,21.91,5.45,22.08,34.2,44.7,14.7,5.06,0.507,1.0,0.6637,15,105.0,0.4,0.0,0,,,0.0,0,,
MSTR,MSTR,AH,648,8.17,4.7,8.32,19.8,33.9,0.33,4.46,0.476,0.9,0.0108,6,12.5,0.83,0.0,0,,,0.0,0,,
MSTR,MSTR,DEAD,1216,8.64,5.31,8.53,21.7,38.0,0.12,5.2,0.451,0.9,0.0206,17,10.0,0.82,0.0,0,,,0.0,0,,
MSTR,MSTR,PRE,853,8.99,4.71,9.23,19.7,26.0,0.24,4.53,0.495,1.0,0.0082,5,20.0,0.8,0.0,0,,,0.0,0,,
MSTR,MSTR,RTH,1031,8.97,6.0,8.79,25.2,36.3,0.57,5.97,0.163,0.4,0.0417,38,5.0,0.97,0.0,0,,,0.0,0,,
MSTR,MSTR,WKND,1041,10.09,5.35,10.2,21.6,27.9,2.91,5.43,0.727,2.2,0.0317,5,5.0,0.8,0.0,0,,,0.0,0,,
MRVL,MRVL,AH,667,10.16,5.43,10.24,22.7,34.5,2.31,4.95,0.473,0.9,0.0255,13,20.0,0.85,0.0,0,,,0.0,0,,
MRVL,MRVL,DEAD,1244,9.85,6.63,9.73,26.0,36.0,1.32,6.12,0.379,0.7,0.0587,55,10.0,0.93,0.0,0,,,0.0,0,,
MRVL,MRVL,PRE,858,10.91,5.63,10.6,23.6,28.3,2.16,4.99,0.537,1.1,0.0513,21,15.0,0.86,0.0,0,,,0.0,0,,
MRVL,MRVL,RTH,1014,10.29,5.64,10.07,24.7,33.6,1.91,5.23,0.372,0.7,0.0473,27,30.0,0.74,0.0,0,,,0.0,0,,
MRVL,MRVL,WKND,1156,7.2,5.48,6.34,21.5,26.2,0.02,4.69,0.729,2.2,0.0147,12,30.0,0.92,0.0,0,,,0.0,0,,
AAPL,AAPL,AH,667,11.29,4.38,11.84,22.2,26.3,3.43,4.18,0.885,5.7,0.018,1,110.0,0.0,0.0,0,,,0.0,0,,
AAPL,AAPL,DEAD,1245,12.13,3.31,12.31,19.4,21.0,3.6,3.01,0.846,4.1,0.008,3,275.0,0.33,0.0,0,,,0.0,0,,
AAPL,AAPL,PRE,855,12.83,3.42,12.51,19.9,20.9,4.08,3.16,0.783,2.8,0.0094,3,280.0,0.0,0.0,0,,,0.0,0,,
AAPL,AAPL,RTH,1036,12.01,3.46,12.12,20.1,37.8,3.61,3.24,0.687,1.8,0.0106,6,75.0,0.5,0.0,0,,,0.0,0,,
AAPL,AAPL,WKND,1200,13.75,3.24,13.98,20.6,23.8,6.58,2.45,0.796,3.0,0.02,2,inf,0.0,0.0,0,,,0.0,0,,
MSFT,MSFT,AH,665,11.01,3.47,11.05,19.3,38.1,3.15,3.89,0.645,1.6,0.006,3,120.0,0.33,0.0,0,,,0.0,0,,
MSFT,MSFT,DEAD,1223,11.55,3.23,11.73,18.7,21.4,3.01,3.68,0.691,1.9,0.0016,1,325.0,0.0,0.0,0,,,0.0,0,,
MSFT,MSFT,PRE,857,12.58,3.14,12.33,19.5,32.1,3.83,3.35,0.598,1.3,0.0058,1,715.0,0.0,0.0,0,,,0.0,0,,
MSFT,MSFT,RTH,1036,11.23,3.67,11.12,20.1,41.1,2.83,3.66,0.604,1.4,0.0135,6,20.0,0.67,0.0,0,,,0.0,0,,
MSFT,MSFT,WKND,1120,14.76,3.16,14.81,21.9,28.1,7.54,2.66,0.747,2.4,0.0563,4,362.5,0.25,0.0,0,,,0.0,0,,
COIN,COIN,AH,636,9.09,4.09,9.37,18.4,22.2,1.28,4.19,0.456,0.9,0.0079,5,5.0,1.0,0.0,0,,,0.0,0,,
COIN,COIN,DEAD,1199,10.57,4.78,10.78,21.8,40.2,2.04,5.01,0.335,0.6,0.02,20,5.0,0.9,0.0,0,,,0.0,0,,
COIN,COIN,PRE,856,10.42,4.65,10.58,23.5,32.0,1.68,5.0,0.343,0.6,0.0292,18,12.5,0.89,0.0,0,,,0.0,0,,
COIN,COIN,RTH,1034,9.63,6.25,9.84,26.4,35.9,1.23,6.28,0.185,0.4,0.0368,29,10.0,0.9,0.0,0,,,0.0,0,,
COIN,COIN,WKND,1048,9.77,4.27,10.23,19.0,22.7,2.66,3.76,0.64,1.6,0.0038,4,92.5,0.5,0.0,0,,,0.0,0,,
SOXL,SOXL,AH,281,10.75,8.4,10.01,37.6,69.0,2.71,8.81,0.364,0.7,0.0819,13,10.0,0.85,0.0036,1,5.0,1.0,0.0,0,,
SOXL,SOXL,DEAD,505,9.96,11.39,11.01,39.7,78.3,1.86,11.47,0.181,0.4,0.1366,39,10.0,0.95,0.0059,1,25.0,1.0,0.0,0,,
SOXL,SOXL,PRE,366,7.11,9.74,7.48,33.5,74.1,-0.97,9.83,0.024,0.2,0.0628,14,10.0,1.0,0.0055,2,5.0,1.0,0.0,0,,
SOXL,SOXL,RTH,474,9.13,40.59,8.94,70.3,816.1,0.97,40.69,-0.092,0.0,0.1477,34,10.0,1.0,0.019,4,10.0,1.0,0.0063,1,30.0,1.0
SOXL,SOXL,WKND,470,13.04,9.78,11.28,38.9,48.5,6.74,10.09,0.688,1.9,0.2362,14,55.0,0.64,0.0,0,,,0.0,0,,
