coin,fundingRate,premium,time,ts,rate,prem
xyz:CXMT,0.0000992812,0.1591499434,1784080800028,2026-07-15 02:00:00+00:00,9.92812e-05,0.1591499434
xyz:CXMT,0.0000471904,0.0758046699,1784084400041,2026-07-15 03:00:00+00:00,4.71904e-05,0.0758046699
xyz:CXMT,0.0000451713,0.0725740779,1784088000005,2026-07-15 04:00:00+00:00,4.51713e-05,0.0725740779
xyz:CXMT,0.0000319956,0.0514929858,1784091600066,2026-07-15 05:00:00+00:00,3.19956e-05,0.0514929858
xyz:CXMT,-0.0000153156,-0.0248049141,1784095200025,2026-07-15 06:00:00+00:00,-1.53156e-05,-0.0248049141
xyz:CXMT,-0.0000079938,-0.0130900901,1784098800039,2026-07-15 07:00:00+00:00,-7.9938e-06,-0.0130900901
xyz:CXMT,0.0000136342,0.0221147802,1784102400024,2026-07-15 08:00:00+00:00,1.36342e-05,0.0221147802
xyz:CXMT,0.0000163493,0.026458944,1784106000018,2026-07-15 09:00:00+00:00,1.63493e-05,0.026458944
xyz:CXMT,0.0000064121,0.010559342,1784109600013,2026-07-15 10:00:00+00:00,6.4121e-06,0.010559342
xyz:CXMT,-0.0000034023,-0.0057436736,1784113200002,2026-07-15 11:00:00+00:00,-3.4023e-06,-0.0057436736
xyz:CXMT,-0.0000053023,-0.0087836595,1784116800055,2026-07-15 12:00:00+00:00,-5.3023e-06,-0.0087836595
xyz:CXMT,-0.0000068322,-0.0112314961,1784120400042,2026-07-15 13:00:00+00:00,-6.8322e-06,-0.0112314961
xyz:CXMT,-0.0000077365,-0.012678337,1784124000050,2026-07-15 14:00:00+00:00,-7.7365e-06,-0.012678337
xyz:CXMT,-0.0000043152,-0.0072042903,1784127600004,2026-07-15 15:00:00+00:00,-4.3152e-06,-0.0072042903
xyz:CXMT,0.0000052211,0.0086536851,1784131200009,2026-07-15 16:00:00+00:00,5.2211e-06,0.0086536851
xyz:CXMT,-0.0000009685,-0.0018495983,1784134800031,2026-07-15 17:00:00+00:00,-9.685e-07,-0.0018495983
xyz:CXMT,0.0000016975,0.00301604,1784138400023,2026-07-15 18:00:00+00:00,1.6975e-06,0.00301604
xyz:CXMT,0.0000006988,0.0014181471,1784142000063,2026-07-15 19:00:00+00:00,6.988e-07,0.0014181471
xyz:CXMT,-0.0000030299,-0.0051477705,1784145600068,2026-07-15 20:00:00+00:00,-3.0299e-06,-0.0051477705
xyz:CXMT,-0.0000051782,-0.0085851237,1784149200027,2026-07-15 21:00:00+00:00,-5.1782e-06,-0.0085851237
xyz:CXMT,-0.0000000814,-0.000430223,1784152800016,2026-07-15 22:00:00+00:00,-8.14e-08,-0.000430223
xyz:CXMT,-0.0000008485,-0.0016576492,1784156400034,2026-07-15 23:00:00+00:00,-8.485e-07,-0.0016576492
xyz:CXMT,0.0000006696,0.0013713444,1784160000034,2026-07-16 00:00:00+00:00,6.696e-07,0.0013713444
xyz:CXMT,0.0000007212,0.0014539481,1784163600054,2026-07-16 01:00:00+00:00,7.212e-07,0.0014539481
xyz:CXMT,-0.0000012599,-0.0023157733,1784167200027,2026-07-16 02:00:00+00:00,-1.2599e-06,-0.0023157733
xyz:CXMT,-0.0000015452,-0.0027722755,1784170800033,2026-07-16 03:00:00+00:00,-1.5452e-06,-0.0027722755
xyz:CXMT,-0.0000016941,-0.0030105446,1784174400056,2026-07-16 04:00:00+00:00,-1.6941e-06,-0.0030105446
xyz:CXMT,-0.0000028644,-0.0048830054,1784178000122,2026-07-16 05:00:00+00:00,-2.8644e-06,-0.0048830054
xyz:CXMT,-0.0000003521,-0.0008634355,1784181600066,2026-07-16 06:00:00+00:00,-3.521e-07,-0.0008634355
xyz:CXMT,0.0000037335,0.0062735224,1784185200042,2026-07-16 07:00:00+00:00,3.7335e-06,0.0062735224
xyz:CXMT,-0.0000024312,-0.0041898506,1784188800015,2026-07-16 08:00:00+00:00,-2.4312e-06,-0.0041898506
xyz:CXMT,-0.0000012969,-0.0023750974,1784192400017,2026-07-16 09:00:00+00:00,-1.2969e-06,-0.0023750974
xyz:CXMT,-0.0000003799,-0.0009077884,1784196000008,2026-07-16 10:00:00+00:00,-3.799e-07,-0.0009077884
xyz:CXMT,-0.0000010097,-0.0019155375,1784199600020,2026-07-16 11:00:00+00:00,-1.0097e-06,-0.0019155375
xyz:CXMT,0.0000042154,0.0070446531,1784203200028,2026-07-16 12:00:00+00:00,4.2154e-06,0.0070446531
xyz:CXMT,-0.0000035747,-0.0060195666,1784206800050,2026-07-16 13:00:00+00:00,-3.5747e-06,-0.0060195666
xyz:CXMT,-0.0000041971,-0.0070153427,1784210400054,2026-07-16 14:00:00+00:00,-4.1971e-06,-0.0070153427
xyz:CXMT,0.0000010677,0.0020083586,1784214000016,2026-07-16 15:00:00+00:00,1.0677e-06,0.0020083586
xyz:CXMT,0.0000003556,0.0008690107,1784217600041,2026-07-16 16:00:00+00:00,3.556e-07,0.0008690107
xyz:CXMT,-0.0000018768,-0.0033029425,1784221200000,2026-07-16 17:00:00+00:00,-1.8768e-06,-0.0033029425
xyz:CXMT,-0.0000008341,-0.0016345671,1784224800011,2026-07-16 18:00:00+00:00,-8.341e-07,-0.0016345671
xyz:CXMT,-0.0000019338,-0.0033940896,1784228400031,2026-07-16 19:00:00+00:00,-1.9338e-06,-0.0033940896
xyz:CXMT,-0.0000004113,-0.0009581434,1784232000030,2026-07-16 20:00:00+00:00,-4.113e-07,-0.0009581434
xyz:CXMT,0.0000007141,0.0014425192,1784235600011,2026-07-16 21:00:00+00:00,7.141e-07,0.0014425192
xyz:CXMT,-0.0000020188,-0.003530094,1784239200008,2026-07-16 22:00:00+00:00,-2.0188e-06,-0.003530094
xyz:CXMT,-0.0000016278,-0.0029044806,1784242800017,2026-07-16 23:00:00+00:00,-1.6278e-06,-0.0029044806
xyz:CXMT,-0.0000019281,-0.0033848968,1784246400018,2026-07-17 00:00:00+00:00,-1.9281e-06,-0.0033848968
xyz:CXMT,-0.0000003018,-0.0007828712,1784250000021,2026-07-17 01:00:00+00:00,-3.018e-07,-0.0007828712
xyz:CXMT,-0.000002862,-0.0048791601,1784253600001,2026-07-17 02:00:00+00:00,-2.862e-06,-0.0048791601
xyz:CXMT,-0.0000048012,-0.0079819347,1784257200017,2026-07-17 03:00:00+00:00,-4.8012e-06,-0.0079819347
xyz:CXMT,-0.0000003828,-0.0009124899,1784260800041,2026-07-17 04:00:00+00:00,-3.828e-07,-0.0009124899
xyz:CXMT,0.0000099856,0.0162769977,1784264400052,2026-07-17 05:00:00+00:00,9.9856e-06,0.0162769977
xyz:CXMT,0.0000012058,0.0022292584,1784268000032,2026-07-17 06:00:00+00:00,1.2058e-06,0.0022292584
xyz:CXMT,0.0000052256,0.0086609493,1784271600072,2026-07-17 07:00:00+00:00,5.2256e-06,0.0086609493
xyz:CXMT,0.0000034725,0.0058559467,1784275200065,2026-07-17 08:00:00+00:00,3.4725e-06,0.0058559467
xyz:CXMT,-0.0000071061,-0.0116698175,1784278800031,2026-07-17 09:00:00+00:00,-7.1061e-06,-0.0116698175
xyz:CXMT,-0.000000156,-0.0005495785,1784282400070,2026-07-17 10:00:00+00:00,-1.56e-07,-0.0005495785
xyz:CXMT,0.0000013246,0.0024193674,1784286000020,2026-07-17 11:00:00+00:00,1.3246e-06,0.0024193674
xyz:CXMT,-0.0000050078,-0.0083124805,1784289600011,2026-07-17 12:00:00+00:00,-5.0078e-06,-0.0083124805
xyz:CXMT,0.0000014247,0.0025794967,1784293200060,2026-07-17 13:00:00+00:00,1.4247e-06,0.0025794967
xyz:CXMT,-0.0000040092,-0.0067147051,1784296800111,2026-07-17 14:00:00+00:00,-4.0092e-06,-0.0067147051
xyz:CXMT,0.0000043833,0.0073133036,1784300400050,2026-07-17 15:00:00+00:00,4.3833e-06,0.0073133036
xyz:CXMT,0.0000012473,0.0022956336,1784304000048,2026-07-17 16:00:00+00:00,1.2473e-06,0.0022956336
xyz:CXMT,0.0000045913,0.0076460254,1784307600062,2026-07-17 17:00:00+00:00,4.5913e-06,0.0076460254
xyz:CXMT,-0.0000002012,-0.0006219269,1784311200022,2026-07-17 18:00:00+00:00,-2.012e-07,-0.0006219269
xyz:CXMT,0.000000101,0.0004615978,1784314800025,2026-07-17 19:00:00+00:00,1.01e-07,0.0004615978
xyz:CXMT,0.0000024198,0.004171756,1784318400039,2026-07-17 20:00:00+00:00,2.4198e-06,0.004171756
xyz:CXMT,-0.0000008879,-0.0017205933,1784322000065,2026-07-17 21:00:00+00:00,-8.879e-07,-0.0017205933
xyz:CXMT,-0.0000051789,-0.0085862863,1784325600069,2026-07-17 22:00:00+00:00,-5.1789e-06,-0.0085862863
xyz:CXMT,-0.0000032888,-0.0055620574,1784329200041,2026-07-17 23:00:00+00:00,-3.2888e-06,-0.0055620574
xyz:CXMT,0.0000000625,-0.0001515359,1784332800082,2026-07-18 00:00:00+00:00,6.25e-08,-0.0001515359
xyz:CXMT,0.0000046629,0.0077605802,1784336400081,2026-07-18 01:00:00+00:00,4.6629e-06,0.0077605802
xyz:CXMT,0.0000012476,0.0022962253,1784340000013,2026-07-18 02:00:00+00:00,1.2476e-06,0.0022962253
xyz:CXMT,0.0000023318,0.004030881,1784343600008,2026-07-18 03:00:00+00:00,2.3318e-06,0.004030881
xyz:CXMT,-0.0000007631,-0.001520957,1784347200021,2026-07-18 04:00:00+00:00,-7.631e-07,-0.001520957
xyz:CXMT,-0.0000054719,-0.0090550589,1784350800016,2026-07-18 05:00:00+00:00,-5.4719e-06,-0.0090550589
xyz:CXMT,0.0000042236,0.0070577197,1784354400028,2026-07-18 06:00:00+00:00,4.2236e-06,0.0070577197
xyz:CXMT,0.0000029879,0.0050805672,1784358000025,2026-07-18 07:00:00+00:00,2.9879e-06,0.0050805672
xyz:CXMT,-0.00000315,-0.0053400385,1784361600019,2026-07-18 08:00:00+00:00,-3.15e-06,-0.0053400385
xyz:CXMT,-0.0000019174,-0.0033677735,1784365200040,2026-07-18 09:00:00+00:00,-1.9174e-06,-0.0033677735
xyz:CXMT,0.0000021722,0.0037754928,1784368800020,2026-07-18 10:00:00+00:00,2.1722e-06,0.0037754928
xyz:CXMT,-0.0000010259,-0.0019414437,1784372400039,2026-07-18 11:00:00+00:00,-1.0259e-06,-0.0019414437
xyz:CXMT,0.0000013008,0.0023813131,1784376000044,2026-07-18 12:00:00+00:00,1.3008e-06,0.0023813131
xyz:CXMT,0.0000000625,0.0003386367,1784379600006,2026-07-18 13:00:00+00:00,6.25e-08,0.0003386367
xyz:CXMT,0.0000000625,0.0001587744,1784383200061,2026-07-18 14:00:00+00:00,6.25e-08,0.0001587744
xyz:CXMT,0.0000006318,0.0013108407,1784386800024,2026-07-18 15:00:00+00:00,6.318e-07,0.0013108407
xyz:CXMT,-0.0000016123,-0.0028796778,1784390400043,2026-07-18 16:00:00+00:00,-1.6123e-06,-0.0028796778
xyz:CXMT,-0.0000006365,-0.0013183684,1784394000035,2026-07-18 17:00:00+00:00,-6.365e-07,-0.0013183684
xyz:CXMT,-0.0000034324,-0.0057919007,1784397600031,2026-07-18 18:00:00+00:00,-3.4324e-06,-0.0057919007
xyz:CXMT,0.0000006023,0.0012636274,1784401200033,2026-07-18 19:00:00+00:00,6.023e-07,0.0012636274
xyz:CXMT,0.0000015452,0.0027723185,1784404800016,2026-07-18 20:00:00+00:00,1.5452e-06,0.0027723185
xyz:CXMT,0.0000000625,-0.0001404587,1784408400006,2026-07-18 21:00:00+00:00,6.25e-08,-0.0001404587
xyz:CXMT,-0.0000000539,-0.0003862122,1784412000011,2026-07-18 22:00:00+00:00,-5.39e-08,-0.0003862122
xyz:CXMT,0.0000000625,-0.0000516754,1784415600009,2026-07-18 23:00:00+00:00,6.25e-08,-5.16754e-05
xyz:CXMT,-0.000000133,-0.0005127625,1784419200030,2026-07-19 00:00:00+00:00,-1.33e-07,-0.0005127625
xyz:CXMT,-0.0000005943,-0.0012508784,1784422800044,2026-07-19 01:00:00+00:00,-5.943e-07,-0.0012508784
xyz:CXMT,-0.0000005696,-0.0012114365,1784426400055,2026-07-19 02:00:00+00:00,-5.696e-07,-0.0012114365
xyz:CXMT,-0.0000006643,-0.0013628652,1784430000022,2026-07-19 03:00:00+00:00,-6.643e-07,-0.0013628652
xyz:CXMT,0.0000003358,0.0008373187,1784433600031,2026-07-19 04:00:00+00:00,3.358e-07,0.0008373187
xyz:CXMT,0.0000009799,0.0018678994,1784437200043,2026-07-19 05:00:00+00:00,9.799e-07,0.0018678994
xyz:CXMT,-0.0000008438,-0.0016500967,1784440800032,2026-07-19 06:00:00+00:00,-8.438e-07,-0.0016500967
xyz:CXMT,-0.0000014102,-0.0025562589,1784444400047,2026-07-19 07:00:00+00:00,-1.4102e-06,-0.0025562589
xyz:CXMT,0.0000000625,0.0002767773,1784448000093,2026-07-19 08:00:00+00:00,6.25e-08,0.0002767773
xyz:CXMT,0.0000000625,0.0000099247,1784451600026,2026-07-19 09:00:00+00:00,6.25e-08,9.9247e-06
xyz:CXMT,-0.0000036204,-0.0060927059,1784455200030,2026-07-19 10:00:00+00:00,-3.6204e-06,-0.0060927059
xyz:CXMT,-0.0000038004,-0.0063806002,1784458800033,2026-07-19 11:00:00+00:00,-3.8004e-06,-0.0063806002
xyz:CXMT,-0.0000056202,-0.0092922404,1784462400037,2026-07-19 12:00:00+00:00,-5.6202e-06,-0.0092922404
xyz:CXMT,-0.0000033848,-0.0057156616,1784466000014,2026-07-19 13:00:00+00:00,-3.3848e-06,-0.0057156616
xyz:CXMT,-0.0000007394,-0.001482974,1784469600135,2026-07-19 14:00:00+00:00,-7.394e-07,-0.001482974
xyz:CXMT,-0.0000014429,-0.0026086644,1784473200019,2026-07-19 15:00:00+00:00,-1.4429e-06,-0.0026086644
xyz:CXMT,0.0000013179,0.0024086905,1784476800007,2026-07-19 16:00:00+00:00,1.3179e-06,0.0024086905
xyz:CXMT,0.0000053026,0.0087841342,1784480400043,2026-07-19 17:00:00+00:00,5.3026e-06,0.0087841342
xyz:CXMT,0.0000015862,0.0028378894,1784484000049,2026-07-19 18:00:00+00:00,1.5862e-06,0.0028378894
xyz:CXMT,-0.0000022934,-0.0039694413,1784487600049,2026-07-19 19:00:00+00:00,-2.2934e-06,-0.0039694413
xyz:CXMT,-0.0000026012,-0.004461916,1784491200010,2026-07-19 20:00:00+00:00,-2.6012e-06,-0.004461916
xyz:CXMT,0.0000002522,0.0007035059,1784494800026,2026-07-19 21:00:00+00:00,2.522e-07,0.0007035059
xyz:CXMT,0.0000013442,0.0024507795,1784498400049,2026-07-19 22:00:00+00:00,1.3442e-06,0.0024507795
xyz:CXMT,0.0000000625,-0.0000350472,1784502000014,2026-07-19 23:00:00+00:00,6.25e-08,-3.50472e-05
xyz:CXMT,0.0000037731,0.0063370277,1784505600034,2026-07-20 00:00:00+00:00,3.7731e-06,0.0063370277
xyz:CXMT,0.0000065146,0.0107233204,1784509200063,2026-07-20 01:00:00+00:00,6.5146e-06,0.0107233204
xyz:CXMT,0.0000019644,0.0034430762,1784512800052,2026-07-20 02:00:00+00:00,1.9644e-06,0.0034430762
xyz:CXMT,-0.0000104327,-0.0169922675,1784516400046,2026-07-20 03:00:00+00:00,-1.04327e-05,-0.0169922675
xyz:CXMT,-0.0000039093,-0.00655489,1784520000011,2026-07-20 04:00:00+00:00,-3.9093e-06,-0.00655489
xyz:CXMT,-0.000000582,-0.001231161,1784523600027,2026-07-20 05:00:00+00:00,-5.82e-07,-0.001231161
xyz:CXMT,0.0000000625,0.0001458455,1784527200047,2026-07-20 06:00:00+00:00,6.25e-08,0.0001458455
xyz:CXMT,-0.0000010527,-0.001984395,1784530800008,2026-07-20 07:00:00+00:00,-1.0527e-06,-0.001984395
xyz:CXMT,0.0000011856,0.0021969285,1784534400058,2026-07-20 08:00:00+00:00,1.1856e-06,0.0021969285
xyz:CXMT,-0.0000000671,-0.0004073001,1784538000029,2026-07-20 09:00:00+00:00,-6.71e-08,-0.0004073001
xyz:CXMT,-0.0000035007,-0.0059011544,1784541600029,2026-07-20 10:00:00+00:00,-3.5007e-06,-0.0059011544
xyz:CXMT,0.0000010891,0.0020425595,1784545200000,2026-07-20 11:00:00+00:00,1.0891e-06,0.0020425595
xyz:CXMT,0.0000017633,0.0031212052,1784548800000,2026-07-20 12:00:00+00:00,1.7633e-06,0.0031212052
xyz:CXMT,-0.0000002444,-0.0006910075,1784552400047,2026-07-20 13:00:00+00:00,-2.444e-07,-0.0006910075
xyz:CXMT,0.00000182,0.0032119781,1784556000049,2026-07-20 14:00:00+00:00,1.82e-06,0.0032119781
xyz:CXMT,-0.0000005775,-0.0012239689,1784559600053,2026-07-20 15:00:00+00:00,-5.775e-07,-0.0012239689
xyz:CXMT,-0.0000019757,-0.0034610783,1784563200104,2026-07-20 16:00:00+00:00,-1.9757e-06,-0.0034610783
xyz:CXMT,-0.0000009063,-0.0017500292,1784566800046,2026-07-20 17:00:00+00:00,-9.063e-07,-0.0017500292
xyz:CXMT,-0.0000028547,-0.0048674715,1784570400027,2026-07-20 18:00:00+00:00,-2.8547e-06,-0.0048674715
xyz:CXMT,-0.0000014349,-0.0025958482,1784574000035,2026-07-20 19:00:00+00:00,-1.4349e-06,-0.0025958482
xyz:CXMT,0.0000009312,0.0017899133,1784577600008,2026-07-20 20:00:00+00:00,9.312e-07,0.0017899133
xyz:CXMT,-0.0000007307,-0.00146911,1784581200006,2026-07-20 21:00:00+00:00,-7.307e-07,-0.00146911
xyz:CXMT,-0.0000034668,-0.0058469361,1784584800003,2026-07-20 22:00:00+00:00,-3.4668e-06,-0.0058469361
xyz:CXMT,0.0000044983,0.0074973417,1784588400048,2026-07-20 23:00:00+00:00,4.4983e-06,0.0074973417
xyz:CXMT,0.0000013829,0.0025126743,1784592000040,2026-07-21 00:00:00+00:00,1.3829e-06,0.0025126743
xyz:CXMT,-0.0000009987,-0.0018978932,1784595600005,2026-07-21 01:00:00+00:00,-9.987e-07,-0.0018978932
xyz:CXMT,0.0000000625,0.0000394294,1784599200036,2026-07-21 02:00:00+00:00,6.25e-08,3.94294e-05
xyz:CXMT,0.0000018798,0.00330775,1784602800030,2026-07-21 03:00:00+00:00,1.8798e-06,0.00330775
xyz:CXMT,0.0000075582,0.0123931536,1784606400001,2026-07-21 04:00:00+00:00,7.5582e-06,0.0123931536
xyz:CXMT,0.0000037881,0.0063608859,1784610000004,2026-07-21 05:00:00+00:00,3.7881e-06,0.0063608859
xyz:CXMT,-0.0000001516,-0.0005425193,1784613600043,2026-07-21 06:00:00+00:00,-1.516e-07,-0.0005425193
xyz:CXMT,-0.0000000928,-0.0004484825,1784617200034,2026-07-21 07:00:00+00:00,-9.28e-08,-0.0004484825
xyz:CXMT,0.0000015242,0.0027387662,1784620800035,2026-07-21 08:00:00+00:00,1.5242e-06,0.0027387662
xyz:CXMT,-0.0000004256,-0.0009810144,1784624400044,2026-07-21 09:00:00+00:00,-4.256e-07,-0.0009810144
xyz:CXMT,-0.000000677,-0.0013831358,1784628000032,2026-07-21 10:00:00+00:00,-6.77e-07,-0.0013831358
xyz:CXMT,-0.0000011815,-0.0021904336,1784631600043,2026-07-21 11:00:00+00:00,-1.1815e-06,-0.0021904336
xyz:CXMT,0.0000002036,0.0006257464,1784635200029,2026-07-21 12:00:00+00:00,2.036e-07,0.0006257464
xyz:CXMT,-0.0000032593,-0.0055148495,1784638800025,2026-07-21 13:00:00+00:00,-3.2593e-06,-0.0055148495
xyz:CXMT,-0.0000006069,-0.0012710504,1784642400062,2026-07-21 14:00:00+00:00,-6.069e-07,-0.0012710504
xyz:CXMT,0.0000006798,0.0013877328,1784646000021,2026-07-21 15:00:00+00:00,6.798e-07,0.0013877328
xyz:CXMT,0.0000022887,0.0039619441,1784649600022,2026-07-21 16:00:00+00:00,2.2887e-06,0.0039619441
xyz:CXMT,0.0000008568,0.0016709492,1784653200028,2026-07-21 17:00:00+00:00,8.568e-07,0.0016709492
xyz:CXMT,0.0000001651,0.0005640828,1784656800028,2026-07-21 18:00:00+00:00,1.651e-07,0.0005640828
xyz:CXMT,0.0000000625,0.0001308348,1784660400068,2026-07-21 19:00:00+00:00,6.25e-08,0.0001308348
xyz:CXMT,-0.0000022972,-0.0039755199,1784664000059,2026-07-21 20:00:00+00:00,-2.2972e-06,-0.0039755199
xyz:CXMT,-0.0000046691,-0.007770539,1784667600047,2026-07-21 21:00:00+00:00,-4.6691e-06,-0.007770539
xyz:CXMT,-0.0000014031,-0.0025449977,1784671200051,2026-07-21 22:00:00+00:00,-1.4031e-06,-0.0025449977
xyz:CXMT,0.0000002883,0.0007613085,1784674800023,2026-07-21 23:00:00+00:00,2.883e-07,0.0007613085
xyz:CXMT,0.0000010097,0.0019155816,1784678400025,2026-07-22 00:00:00+00:00,1.0097e-06,0.0019155816
xyz:CXMT,0.0000040641,0.0068026224,1784682000013,2026-07-22 01:00:00+00:00,4.0641e-06,0.0068026224
xyz:CXMT,0.0000054664,0.0090462497,1784685600091,2026-07-22 02:00:00+00:00,5.4664e-06,0.0090462497
xyz:CXMT,-0.0000007887,-0.0015619119,1784689200043,2026-07-22 03:00:00+00:00,-7.887e-07,-0.0015619119
xyz:CXMT,0.0000011494,0.0021390259,1784692800052,2026-07-22 04:00:00+00:00,1.1494e-06,0.0021390259
xyz:CXMT,-0.0000045224,-0.0075358971,1784696400087,2026-07-22 05:00:00+00:00,-4.5224e-06,-0.0075358971
xyz:CXMT,-0.0000040808,-0.0068292303,1784700000048,2026-07-22 06:00:00+00:00,-4.0808e-06,-0.0068292303
xyz:CXMT,-0.000001152,-0.0021432702,1784703600019,2026-07-22 07:00:00+00:00,-1.152e-06,-0.0021432702
xyz:CXMT,-0.0000037206,-0.0062530016,1784707200039,2026-07-22 08:00:00+00:00,-3.7206e-06,-0.0062530016
xyz:CXMT,-0.0000015948,-0.0028516601,1784710800028,2026-07-22 09:00:00+00:00,-1.5948e-06,-0.0028516601
xyz:CXMT,-0.0000016905,-0.0030047903,1784714400025,2026-07-22 10:00:00+00:00,-1.6905e-06,-0.0030047903
xyz:CXMT,-0.0000004723,-0.0010556756,1784718000047,2026-07-22 11:00:00+00:00,-4.723e-07,-0.0010556756
xyz:CXMT,0.0000001198,0.0004917584,1784721600037,2026-07-22 12:00:00+00:00,1.198e-07,0.0004917584
xyz:CXMT,-0.0000002214,-0.0006542387,1784725200052,2026-07-22 13:00:00+00:00,-2.214e-07,-0.0006542387
xyz:CXMT,0.0000019258,0.0033812615,1784728800038,2026-07-22 14:00:00+00:00,1.9258e-06,0.0033812615
xyz:CXMT,0.0000006764,0.0013822452,1784732400018,2026-07-22 15:00:00+00:00,6.764e-07,0.0013822452
xyz:CXMT,-0.0000007299,-0.0014678221,1784736000004,2026-07-22 16:00:00+00:00,-7.299e-07,-0.0014678221
xyz:CXMT,0.000000033,-0.0002471771,1784739600047,2026-07-22 17:00:00+00:00,3.3e-08,-0.0002471771
xyz:CXMT,-0.0000001163,-0.0004861286,1784743200015,2026-07-22 18:00:00+00:00,-1.163e-07,-0.0004861286
xyz:CXMT,-0.0000001255,-0.0005007536,1784746800007,2026-07-22 19:00:00+00:00,-1.255e-07,-0.0005007536
xyz:CXMT,0.0000000625,-0.0001503173,1784750400054,2026-07-22 20:00:00+00:00,6.25e-08,-0.0001503173
xyz:CXMT,0.0000000625,-0.0000361901,1784754000034,2026-07-22 21:00:00+00:00,6.25e-08,-3.61901e-05
xyz:CXMT,-0.0000009681,-0.0018489507,1784757600043,2026-07-22 22:00:00+00:00,-9.681e-07,-0.0018489507
xyz:CXMT,-0.000000083,-0.0004327415,1784761200077,2026-07-22 23:00:00+00:00,-8.3e-08,-0.0004327415
xyz:CXMT,0.0000001471,0.0005353632,1784764800046,2026-07-23 00:00:00+00:00,1.471e-07,0.0005353632
xyz:CXMT,-0.0000009559,-0.0018295062,1784768400058,2026-07-23 01:00:00+00:00,-9.559e-07,-0.0018295062
xyz:CXMT,0.0000040169,0.0067269764,1784772000049,2026-07-23 02:00:00+00:00,4.0169e-06,0.0067269764
xyz:CXMT,0.0000040102,0.0067163513,1784775600067,2026-07-23 03:00:00+00:00,4.0102e-06,0.0067163513
xyz:CXMT,-0.0000014266,-0.0025825861,1784779200046,2026-07-23 04:00:00+00:00,-1.4266e-06,-0.0025825861
xyz:CXMT,0.0000007539,0.0015061877,1784782800067,2026-07-23 05:00:00+00:00,7.539e-07,0.0015061877
xyz:CXMT,0.0000028672,0.0048875448,1784786400001,2026-07-23 06:00:00+00:00,2.8672e-06,0.0048875448
xyz:CXMT,-0.0000010406,-0.0019650272,1784790000055,2026-07-23 07:00:00+00:00,-1.0406e-06,-0.0019650272
xyz:CXMT,-0.0000007686,-0.0015297058,1784793600021,2026-07-23 08:00:00+00:00,-7.686e-07,-0.0015297058
xyz:CXMT,0.0000025108,0.004317342,1784797200020,2026-07-23 09:00:00+00:00,2.5108e-06,0.004317342
xyz:CXMT,0.0000032833,0.0055533293,1784800800014,2026-07-23 10:00:00+00:00,3.2833e-06,0.0055533293
xyz:CXMT,0.0000022369,0.0038790633,1784804400040,2026-07-23 11:00:00+00:00,2.2369e-06,0.0038790633
xyz:CXMT,-0.0000011572,-0.0021515865,1784808000099,2026-07-23 12:00:00+00:00,-1.1572e-06,-0.0021515865
xyz:CXMT,-0.000003199,-0.0054184719,1784811600032,2026-07-23 13:00:00+00:00,-3.199e-06,-0.0054184719
xyz:CXMT,0.0000015609,0.0027974353,1784815200121,2026-07-23 14:00:00+00:00,1.5609e-06,0.0027974353
xyz:CXMT,0.0000006552,0.0013482647,1784818800032,2026-07-23 15:00:00+00:00,6.552e-07,0.0013482647
xyz:CXMT,-0.0000013334,-0.0024335182,1784822400001,2026-07-23 16:00:00+00:00,-1.3334e-06,-0.0024335182
xyz:CXMT,0.0000000459,-0.0002265146,1784826000006,2026-07-23 17:00:00+00:00,4.59e-08,-0.0002265146
xyz:CXMT,-0.0000009137,-0.0017619366,1784829600046,2026-07-23 18:00:00+00:00,-9.137e-07,-0.0017619366
xyz:CXMT,-0.0000012419,-0.0022870907,1784833200048,2026-07-23 19:00:00+00:00,-1.2419e-06,-0.0022870907
xyz:CXMT,-0.0000018148,-0.0032036966,1784836800072,2026-07-23 20:00:00+00:00,-1.8148e-06,-0.0032036966
xyz:CXMT,-0.0000012334,-0.002273419,1784840400028,2026-07-23 21:00:00+00:00,-1.2334e-06,-0.002273419
xyz:CXMT,0.0000000236,-0.0002623009,1784844000038,2026-07-23 22:00:00+00:00,2.36e-08,-0.0002623009
xyz:CXMT,-0.0000013476,-0.0024561348,1784847600033,2026-07-23 23:00:00+00:00,-1.3476e-06,-0.0024561348
xyz:CXMT,-0.000000314,-0.0008023739,1784851200021,2026-07-24 00:00:00+00:00,-3.14e-07,-0.0008023739
xyz:CXMT,-0.0000005578,-0.001192479,1784854800060,2026-07-24 01:00:00+00:00,-5.578e-07,-0.001192479
xyz:CXMT,0.0000037085,0.0062335953,1784858400004,2026-07-24 02:00:00+00:00,3.7085e-06,0.0062335953
xyz:CXMT,-0.0000002764,-0.0007421876,1784862000054,2026-07-24 03:00:00+00:00,-2.764e-07,-0.0007421876
xyz:CXMT,0.0000024925,0.0042879595,1784865600047,2026-07-24 04:00:00+00:00,2.4925e-06,0.0042879595
xyz:CXMT,0.0000006459,0.0013334212,1784869200044,2026-07-24 05:00:00+00:00,6.459e-07,0.0013334212
xyz:CXMT,0.0000007249,0.0014599074,1784872800049,2026-07-24 06:00:00+00:00,7.249e-07,0.0014599074
xyz:CXMT,0.0000006775,0.0013840419,1784876400012,2026-07-24 07:00:00+00:00,6.775e-07,0.0013840419
xyz:CXMT,-0.0000021203,-0.0036925146,1784880000029,2026-07-24 08:00:00+00:00,-2.1203e-06,-0.0036925146
xyz:CXMT,-0.0000006398,-0.0013236796,1784883600044,2026-07-24 09:00:00+00:00,-6.398e-07,-0.0013236796
xyz:CXMT,0.0000002575,0.0007119583,1784887200051,2026-07-24 10:00:00+00:00,2.575e-07,0.0007119583
xyz:CXMT,-0.0000002134,-0.0006414997,1784890800034,2026-07-24 11:00:00+00:00,-2.134e-07,-0.0006414997
xyz:CXMT,0.0000000625,-0.000138276,1784894400033,2026-07-24 12:00:00+00:00,6.25e-08,-0.000138276
xyz:CXMT,0.0000003781,0.0009049259,1784898000024,2026-07-24 13:00:00+00:00,3.781e-07,0.0009049259
xyz:CXMT,-0.0000005778,-0.0012244924,1784901600060,2026-07-24 14:00:00+00:00,-5.778e-07,-0.0012244924
xyz:CXMT,-0.0000025033,-0.0043052081,1784905200053,2026-07-24 15:00:00+00:00,-2.5033e-06,-0.0043052081
xyz:CXMT,-0.0000007746,-0.0015393629,1784908800051,2026-07-24 16:00:00+00:00,-7.746e-07,-0.0015393629
xyz:CXMT,-0.0000003341,-0.0008345429,1784912400029,2026-07-24 17:00:00+00:00,-3.341e-07,-0.0008345429
xyz:CXMT,-0.0000014062,-0.0025498745,1784916000063,2026-07-24 18:00:00+00:00,-1.4062e-06,-0.0025498745
xyz:CXMT,-0.0000017904,-0.0031647152,1784919600035,2026-07-24 19:00:00+00:00,-1.7904e-06,-0.0031647152
xyz:CXMT,-0.0000046901,-0.0078041134,1784923200052,2026-07-24 20:00:00+00:00,-4.6901e-06,-0.0078041134
xyz:CXMT,0.000000261,0.0007175213,1784926800060,2026-07-24 21:00:00+00:00,2.61e-07,0.0007175213
xyz:CXMT,0.0000000625,-0.0000776134,1784930400008,2026-07-24 22:00:00+00:00,6.25e-08,-7.76134e-05
xyz:CXMT,0.0000050193,0.008330906,1784934000024,2026-07-24 23:00:00+00:00,5.0193e-06,0.008330906
xyz:CXMT,-0.0000006264,-0.0013021848,1784937600066,2026-07-25 00:00:00+00:00,-6.264e-07,-0.0013021848
xyz:CXMT,-0.0000030271,-0.0051434188,1784941200036,2026-07-25 01:00:00+00:00,-3.0271e-06,-0.0051434188
xyz:CXMT,-0.0000027081,-0.0046328869,1784944800050,2026-07-25 02:00:00+00:00,-2.7081e-06,-0.0046328869
xyz:CXMT,0.0000007475,0.0014960197,1784948400016,2026-07-25 03:00:00+00:00,7.475e-07,0.0014960197
xyz:CXMT,0.0000000625,-0.0000903044,1784952000036,2026-07-25 04:00:00+00:00,6.25e-08,-9.03044e-05
xyz:CXMT,0.0000000071,-0.0002887141,1784955600032,2026-07-25 05:00:00+00:00,7.1e-09,-0.0002887141
xyz:CXMT,0.0000000625,-0.000129374,1784959200063,2026-07-25 06:00:00+00:00,6.25e-08,-0.000129374
xyz:CXMT,-0.0000013683,-0.0024893428,1784962800028,2026-07-25 07:00:00+00:00,-1.3683e-06,-0.0024893428
xyz:CXMT,-0.0000001248,-0.0004997186,1784966400047,2026-07-25 08:00:00+00:00,-1.248e-07,-0.0004997186
xyz:CXMT,-0.0000001127,-0.0004802928,1784970000030,2026-07-25 09:00:00+00:00,-1.127e-07,-0.0004802928
xyz:CXMT,-0.0000003238,-0.0008181134,1784973600040,2026-07-25 10:00:00+00:00,-3.238e-07,-0.0008181134
xyz:CXMT,0.0000002688,0.0007300207,1784977200051,2026-07-25 11:00:00+00:00,2.688e-07,0.0007300207
xyz:CXMT,0.0000000625,0.0003598079,1784980800058,2026-07-25 12:00:00+00:00,6.25e-08,0.0003598079
xyz:CXMT,0.0000027858,0.0047572902,1784984400037,2026-07-25 13:00:00+00:00,2.7858e-06,0.0047572902
xyz:CXMT,0.0000040652,0.006804387,1784988000001,2026-07-25 14:00:00+00:00,4.0652e-06,0.006804387
xyz:CXMT,0.000008425,0.0137799938,1784991600012,2026-07-25 15:00:00+00:00,8.425e-06,0.0137799938
xyz:CXMT,0.0000009631,0.0018410151,1784995200062,2026-07-25 16:00:00+00:00,9.631e-07,0.0018410151
xyz:CXMT,-0.0000033777,-0.0057043652,1784998800039,2026-07-25 17:00:00+00:00,-3.3777e-06,-0.0057043652
xyz:CXMT,-0.0000029112,-0.0049579751,1785002400031,2026-07-25 18:00:00+00:00,-2.9112e-06,-0.0049579751
xyz:CXMT,-0.0000031783,-0.0053852397,1785006000056,2026-07-25 19:00:00+00:00,-3.1783e-06,-0.0053852397
xyz:CXMT,-0.0000014081,-0.0025530056,1785009600057,2026-07-25 20:00:00+00:00,-1.4081e-06,-0.0025530056
xyz:CXMT,-0.0000009681,-0.0018489285,1785013200005,2026-07-25 21:00:00+00:00,-9.681e-07,-0.0018489285
xyz:CXMT,-0.0000010083,-0.0019133383,1785016800002,2026-07-25 22:00:00+00:00,-1.0083e-06,-0.0019133383
xyz:CXMT,-0.0000000022,-0.0003035833,1785020400011,2026-07-25 23:00:00+00:00,-2.2e-09,-0.0003035833
xyz:CXMT,0.0000021745,0.0037792192,1785024000055,2026-07-26 00:00:00+00:00,2.1745e-06,0.0037792192
xyz:CXMT,0.000004192,0.007007234,1785027600055,2026-07-26 01:00:00+00:00,4.192e-06,0.007007234
xyz:CXMT,0.0000016158,0.0028852809,1785031200111,2026-07-26 02:00:00+00:00,1.6158e-06,0.0028852809
xyz:CXMT,0.0000014135,0.0025616433,1785034800030,2026-07-26 03:00:00+00:00,1.4135e-06,0.0025616433
xyz:CXMT,0.00000287,0.0048920399,1785038400021,2026-07-26 04:00:00+00:00,2.87e-06,0.0048920399
xyz:CXMT,-0.0000021121,-0.0036793371,1785042000034,2026-07-26 05:00:00+00:00,-2.1121e-06,-0.0036793371
xyz:CXMT,-0.0000012805,-0.002348806,1785045600052,2026-07-26 06:00:00+00:00,-1.2805e-06,-0.002348806
xyz:CXMT,0.0000006077,0.0012722754,1785049200060,2026-07-26 07:00:00+00:00,6.077e-07,0.0012722754
xyz:CXMT,0.0000000625,-0.0001955552,1785052800022,2026-07-26 08:00:00+00:00,6.25e-08,-0.0001955552
xyz:CXMT,-0.0000002304,-0.0006685979,1785056400063,2026-07-26 09:00:00+00:00,-2.304e-07,-0.0006685979
xyz:CXMT,0.000002951,0.0050216405,1785060000012,2026-07-26 10:00:00+00:00,2.951e-06,0.0050216405
xyz:CXMT,0.0000025164,0.0043261816,1785063600047,2026-07-26 11:00:00+00:00,2.5164e-06,0.0043261816
xyz:CXMT,0.0000021394,0.0037230662,1785067200121,2026-07-26 12:00:00+00:00,2.1394e-06,0.0037230662
xyz:CXMT,0.0000078141,0.0128025917,1785070800046,2026-07-26 13:00:00+00:00,7.8141e-06,0.0128025917
xyz:CXMT,0.000007657,0.0125512464,1785074400019,2026-07-26 14:00:00+00:00,7.657e-06,0.0125512464
xyz:CXMT,0.0000010498,0.0019796904,1785078000018,2026-07-26 15:00:00+00:00,1.0498e-06,0.0019796904
xyz:CXMT,-0.0000040649,-0.0068037672,1785081600062,2026-07-26 16:00:00+00:00,-4.0649e-06,-0.0068037672
xyz:CXMT,-0.0000035694,-0.0060110479,1785085200066,2026-07-26 17:00:00+00:00,-3.5694e-06,-0.0060110479
xyz:CXMT,0.0000000653,0.0004045289,1785088800070,2026-07-26 18:00:00+00:00,6.53e-08,0.0004045289
xyz:CXMT,-0.000000151,-0.0005416589,1785092400031,2026-07-26 19:00:00+00:00,-1.51e-07,-0.0005416589
xyz:CXMT,-0.0000008467,-0.0016546435,1785096000057,2026-07-26 20:00:00+00:00,-8.467e-07,-0.0016546435
xyz:CXMT,0.0000062431,0.0102889254,1785099600001,2026-07-26 21:00:00+00:00,6.2431e-06,0.0102889254
xyz:CXMT,-0.0000011967,-0.0022146556,1785103200023,2026-07-26 22:00:00+00:00,-1.1967e-06,-0.0022146556
xyz:CXMT,-0.0000017519,-0.0031029741,1785106800005,2026-07-26 23:00:00+00:00,-1.7519e-06,-0.0031029741
xyz:CXMT,0.0000062956,0.0103729707,1785110400074,2026-07-27 00:00:00+00:00,6.2956e-06,0.0103729707
xyz:CXMT,0.0000067866,0.0111585789,1785114000022,2026-07-27 01:00:00+00:00,6.7866e-06,0.0111585789
xyz:CXMT,0.0000032909,0.0055654831,1785117600111,2026-07-27 02:00:00+00:00,3.2909e-06,0.0055654831
xyz:CXMT,-0.0024382572,-0.0393121155,1785121200017,2026-07-27 03:00:00+00:00,-0.0024382572,-0.0393121155
xyz:CXMT,-0.0029031769,-0.04675083,1785124800014,2026-07-27 04:00:00+00:00,-0.0029031769,-0.04675083
xyz:CXMT,-0.0009803696,-0.0159859128,1785128400040,2026-07-27 05:00:00+00:00,-0.0009803696,-0.0159859128
xyz:CXMT,-0.0037457852,-0.0602325632,1785132000021,2026-07-27 06:00:00+00:00,-0.0037457852,-0.0602325632
xyz:CXMT,-0.0032537025,-0.0523592408,1785135600052,2026-07-27 07:00:00+00:00,-0.0032537025,-0.0523592408
xyz:CXMT,-0.0012410406,-0.0201566494,1785139200015,2026-07-27 08:00:00+00:00,-0.0012410406,-0.0201566494
xyz:CXMT,-0.0003543305,-0.0059692883,1785142800005,2026-07-27 09:00:00+00:00,-0.0003543305,-0.0059692883
xyz:CXMT,-0.0003297839,-0.0055765431,1785146400038,2026-07-27 10:00:00+00:00,-0.0003297839,-0.0055765431
xyz:CXMT,-0.0002757325,-0.0047117192,1785150000013,2026-07-27 11:00:00+00:00,-0.0002757325,-0.0047117192
xyz:CXMT,-0.0001619097,-0.0028905557,1785153600054,2026-07-27 12:00:00+00:00,-0.0001619097,-0.0028905557
xyz:CXMT,0.0000353206,0.0008651297,1785157200017,2026-07-27 13:00:00+00:00,3.53206e-05,0.0008651297
xyz:CXMT,-0.0004324706,-0.0072195296,1785160800021,2026-07-27 14:00:00+00:00,-0.0004324706,-0.0072195296
xyz:CXMT,-0.0007050865,-0.0115813844,1785164400018,2026-07-27 15:00:00+00:00,-0.0007050865,-0.0115813844
xyz:CXMT,-0.0001545003,-0.0027720043,1785168000017,2026-07-27 16:00:00+00:00,-0.0001545003,-0.0027720043
xyz:CXMT,0.0003596431,0.0060542898,1785171600018,2026-07-27 17:00:00+00:00,0.0003596431,0.0060542898
xyz:CXMT,-0.0004086449,-0.0068383185,1785175200035,2026-07-27 18:00:00+00:00,-0.0004086449,-0.0068383185
xyz:CXMT,-0.0001807496,-0.003191993,1785178800040,2026-07-27 19:00:00+00:00,-0.0001807496,-0.003191993
xyz:CXMT,0.000265164,0.004542624,1785182400016,2026-07-27 20:00:00+00:00,0.000265164,0.004542624
xyz:CXMT,0.0002923679,0.0049778858,1785186000117,2026-07-27 21:00:00+00:00,0.0002923679,0.0049778858
xyz:CXMT,0.0000856797,0.0016708754,1785189600062,2026-07-27 22:00:00+00:00,8.56797e-05,0.0016708754
xyz:CXMT,-0.0001769886,-0.0031318175,1785193200059,2026-07-27 23:00:00+00:00,-0.0001769886,-0.0031318175
xyz:CXMT,-0.0003904972,-0.0065479551,1785196800026,2026-07-28 00:00:00+00:00,-0.0003904972,-0.0065479551
xyz:CXMT,0.0002095255,0.0036524075,1785200400044,2026-07-28 01:00:00+00:00,0.0002095255,0.0036524075
xyz:CXMT,-0.0026187686,-0.0422002979,1785204000059,2026-07-28 02:00:00+00:00,-0.0026187686,-0.0422002979
xyz:CXMT,-0.004640671,-0.0745507362,1785207600015,2026-07-28 03:00:00+00:00,-0.004640671,-0.0745507362
xyz:CXMT,-0.0028599298,-0.0460588761,1785211200006,2026-07-28 04:00:00+00:00,-0.0028599298,-0.0460588761
xyz:CXMT,-0.000994024,-0.0162043833,1785214800046,2026-07-28 05:00:00+00:00,-0.000994024,-0.0162043833
xyz:CXMT,-0.0028028375,-0.0451453997,1785218400038,2026-07-28 06:00:00+00:00,-0.0028028375,-0.0451453997
xyz:CXMT,-0.0024914084,-0.0401625338,1785222000018,2026-07-28 07:00:00+00:00,-0.0024914084,-0.0401625338
xyz:CXMT,-0.0012166802,-0.0197668836,1785225600004,2026-07-28 08:00:00+00:00,-0.0012166802,-0.0197668836
xyz:CXMT,-0.0001884675,-0.0033154797,1785229200012,2026-07-28 09:00:00+00:00,-0.0001884675,-0.0033154797
xyz:CXMT,0.000008675,0.0004387999,1785232800065,2026-07-28 10:00:00+00:00,8.675e-06,0.0004387999
xyz:CXMT,0.0000774717,0.0015395478,1785236400046,2026-07-28 11:00:00+00:00,7.74717e-05,0.0015395478
xyz:CXMT,-0.0000168837,-0.0005701387,1785240000028,2026-07-28 12:00:00+00:00,-1.68837e-05,-0.0005701387
xyz:CXMT,0.0000747674,0.0014962777,1785243600014,2026-07-28 13:00:00+00:00,7.47674e-05,0.0014962777
xyz:CXMT,0.0000058044,-0.00020713,1785247200032,2026-07-28 14:00:00+00:00,5.8044e-06,-0.00020713
xyz:CXMT,-0.0003165339,-0.005364543,1785250800056,2026-07-28 15:00:00+00:00,-0.0003165339,-0.005364543
xyz:CXMT,0.00000625,0.000012222,1785254400052,2026-07-28 16:00:00+00:00,6.25e-06,1.2222e-05
xyz:CXMT,0.0003049927,0.0051798837,1785258000100,2026-07-28 17:00:00+00:00,0.0003049927,0.0051798837
xyz:CXMT,-0.0001960252,-0.0034364032,1785261600050,2026-07-28 18:00:00+00:00,-0.0001960252,-0.0034364032
xyz:CXMT,-0.0000143627,-0.0005298038,1785265200029,2026-07-28 19:00:00+00:00,-1.43627e-05,-0.0005298038
xyz:CXMT,0.0000131017,0.000509627,1785268800046,2026-07-28 20:00:00+00:00,1.31017e-05,0.000509627
xyz:CXMT,0.00000625,-0.0001063917,1785272400006,2026-07-28 21:00:00+00:00,6.25e-06,-0.0001063917
xyz:CXMT,0.0000104339,0.000466942,1785276000009,2026-07-28 22:00:00+00:00,1.04339e-05,0.000466942
xyz:CXMT,-0.0000121132,-0.0004938106,1785279600117,2026-07-28 23:00:00+00:00,-1.21132e-05,-0.0004938106
xyz:CXMT,-0.0000115508,-0.0004848135,1785283200066,2026-07-29 00:00:00+00:00,-1.15508e-05,-0.0004848135
xyz:CXMT,0.0004519726,0.007531562,1785286800023,2026-07-29 01:00:00+00:00,0.0004519726,0.007531562
xyz:CXMT,-0.0021000856,-0.0339013697,1785290400013,2026-07-29 02:00:00+00:00,-0.0021000856,-0.0339013697
xyz:CXMT,-0.0035565715,-0.0572051441,1785294000002,2026-07-29 03:00:00+00:00,-0.0035565715,-0.0572051441
xyz:CXMT,-0.0030630994,-0.0493095898,1785297600027,2026-07-29 04:00:00+00:00,-0.0030630994,-0.0493095898
xyz:CXMT,-0.0008123455,-0.0132975283,1785301200043,2026-07-29 05:00:00+00:00,-0.0008123455,-0.0132975283
xyz:CXMT,-0.0039394651,-0.0633314421,1785304800033,2026-07-29 06:00:00+00:00,-0.0039394651,-0.0633314421
xyz:CXMT,-0.0047402308,-0.0761436934,1785308400047,2026-07-29 07:00:00+00:00,-0.0047402308,-0.0761436934
xyz:CXMT,-0.0019130872,-0.0309093948,1785312000009,2026-07-29 08:00:00+00:00,-0.0019130872,-0.0309093948
