coin,market,days,daily_avg,daily_avg_pct,annualized_pct
xyz:MINIMAX,HK,8,0.0020667419375,0.20667419374999998,75.43608071874999
para:CRDO,US,6,0.0018332064499999997,0.18332064499999998,66.912035425
xyz:KIOXIA,JP,8,0.0017590940249999998,0.17590940249999998,64.20693191249998
xyz:ZHIPU,HK,8,0.0009794357,0.09794357000000001,35.749403050000005
xyz:HYUNDAI,KR,8,0.0006272816375,0.06272816375,22.89577976875
xyz:NOK,US,8,0.0006038889125000001,0.06038889125000001,22.041945306250003
xyz:SMSN,KR,8,0.0005441630124999999,0.05441630124999999,19.861949956249997
xyz:ZM,US,8,0.0005232888625,0.052328886250000005,19.10004348125
xyz:XLE,US,8,0.00048583217499999996,0.0485832175,17.732874387499997
xyz:NFLX,US,8,0.000482092675,0.0482092675,17.5963826375
xyz:SNDK,US,8,0.00048145695,0.048145695,17.573178675
xyz:AMAT,US,8,0.0004739493625,0.04739493625,17.29915173125
xyz:STRC,US,8,0.000428382025,0.0428382025,15.6359439125
xyz:CRCL,US,8,0.00040629865,0.040629865,14.829900725
xyz:IBM,US,8,0.0004004783375,0.040047833750000005,14.61745931875
xyz:MSTR,US,8,0.000387784525,0.0387784525,14.154135162499998
xyz:BABA,US,8,0.0003851322,0.03851322,14.0573253
xyz:COIN,US,8,0.000382976575,0.0382976575,13.9786449875
xyz:MU,US,8,0.00037459215,0.037459215,13.672613474999999
xyz:USAR,US,8,0.000372024775,0.0372024775,13.578904287499999
xyz:SKHX,KR,8,0.0003637478125,0.03637478125,13.27679515625
xyz:INTC,US,8,0.0003621047,0.03621047,13.216821549999999
xyz:ORCL,US,8,0.000360696375,0.0360696375,13.1654176875
xyz:NBIS,US,8,0.0003277622875,0.03277622875,11.96332349375
xyz:SPCX,US,8,0.0003223409875,0.03223409875,11.765446043750002
xyz:TSM,US,8,0.00031778537499999997,0.031778537499999995,11.599166187499998
xyz:MRVL,US,8,0.0003155301375,0.03155301375,11.516850018749999
xyz:RKLB,US,8,0.000314300325,0.031430032499999996,11.4719618625
xyz:GOOGL,US,8,0.00030383485,0.030383485000000002,11.089972025000002
xyz:BB,US,8,0.00030007159999999994,0.030007159999999995,10.952613399999999
xyz:NOW,US,8,0.0002894907875,0.02894907875,10.56641374375
xyz:HOOD,US,8,0.0002790718875,0.027907188750000003,10.18612389375
xyz:ARM,US,8,0.0002664273875,0.02664273875,9.72459964375
xyz:AVGO,US,8,0.0002653651625,0.02653651625,9.68582843125
xyz:LLY,US,8,0.0002643410125,0.02643410125,9.648446956250002
xyz:WDC,US,8,0.00024017196250000002,0.02401719625,8.76627663125
xyz:QCOM,US,8,0.00023994876250000002,0.02399487625,8.75812983125
xyz:LITE,US,8,0.00023938003750000004,0.023938003750000006,8.737371368750003
xyz:MSFT,US,8,0.0002388375125,0.02388375125,8.717569206250001
xyz:CRWV,US,8,0.00023419100000000002,0.0234191,8.547971500000001
xyz:TSLA,US,8,0.0002141145375,0.02141145375,7.81518061875
xyz:EWY,US,8,0.0002135082625,0.02135082625,7.79305158125
para:LRCX,US,3,0.00021160863333333333,0.02116086333333333,7.723715116666667
xyz:AMZN,US,8,0.00017649796250000002,0.017649796250000002,6.4421756312500005
xyz:NVDA,US,8,0.0001697253,0.01697253,6.194973450000001
xyz:AMD,US,8,0.000148905225,0.014890522500000001,5.4350407125
xyz:RIVN,US,8,0.0001485572125,0.01485572125,5.42233825625
para:AVGO,US,8,0.00014544585,0.014544585,5.308773525
xyz:GME,US,8,0.000145250725,0.014525072500000001,5.301651462500001
xyz:BE,US,8,0.00013827436249999999,0.013827436249999998,5.0470142312499995
xyz:PLTR,US,8,0.0001365587,0.01365587,4.98439255
xyz:DELL,US,8,0.000134895375,0.013489537499999999,4.9236811875
xyz:ASML,US,8,9.947376249999999e-05,0.009947376249999999,3.63079233125
xyz:META,US,8,8.15686375e-05,0.00815686375,2.97725526875
xyz:COST,US,8,8.064286250000001e-05,0.008064286250000002,2.9434644812500004
xyz:EWJ,US,8,6.2436425e-05,0.0062436425,2.2789295125
xyz:EWT,US,8,-1.3192125000000072e-06,-0.00013192125000000072,-0.04815125625000027
xyz:CXMT,CN,8,-5.623662499999999e-06,-0.0005623662499999999,-0.20526368124999997
para:GLW,US,6,-1.0048683333333319e-05,-0.001004868333333332,-0.36677694166666613
xyz:EBAY,US,8,-2.270838749999999e-05,-0.002270838749999999,-0.8288561437499996
xyz:QNT,US,8,-3.126456249999995e-05,-0.003126456249999995,-1.1411565312499983
xyz:HIMS,US,8,-5.9020000000000014e-05,-0.005902000000000001,-2.1542300000000005
para:COHR,US,6,-7.564868333333334e-05,-0.007564868333333334,-2.7611769416666667
xyz:BOT,US,8,-0.0001375213625,-0.01375213625,-5.01952973125
xyz:AAPL,US,8,-0.000215698675,-0.0215698675,-7.873001637500001
xyz:BX,US,8,-0.0002473208875,-0.024732088750000002,-9.02721239375
xyz:SKHY,KR,8,-0.0002878363125,-0.028783631250000004,-10.506025406250002
xyz:DKNG,US,8,-0.00036915708750000003,-0.036915708750000005,-13.474233693750001
xyz:SMH,US,8,-0.0004170985625,-0.041709856249999996,-15.224097531249999
xyz:URNM,US,8,-0.0005544015625000001,-0.05544015625000001,-20.235657031250003
xyz:EWZ,US,8,-0.0005822675000000001,-0.05822675000000001,-21.252763750000003
xyz:CBRS,US,8,-0.000699928475,-0.0699928475,-25.547389337499997
xyz:GIGADEV,CN,1,-0.0012274783999999999,-0.12274783999999998,-44.802961599999996
xyz:SHAZ,CN,8,-0.0016496859,-0.16496859,-60.21353535
xyz:BIRD,US,8,-0.0019950689,-0.19950689,-72.82001484999999
xyz:SOFTBANK,JP,8,-0.004535751875,-0.4535751875,-165.5549434375
