symbol,fundingTime,fundingRate,markPrice,rateType,ts,rate
SKHYNIXUSDT,1780387200001,0.00268255,1545.76179913,Regular,2026-06-02 08:00:00+00:00,0.00268255
SKHYNIXUSDT,1780416000001,0.00137620,1606.00000000,Regular,2026-06-02 16:00:00+00:00,0.0013762
SKHYNIXUSDT,1780444800001,0.00000000,1628.10954590,Regular,2026-06-03 00:00:00+00:00,0.0
SKHYNIXUSDT,1780473600001,-0.00005481,1635.92021905,Regular,2026-06-03 08:00:00+00:00,-5.481e-05
SKHYNIXUSDT,1780502400001,-0.00078658,1622.11558831,Regular,2026-06-03 16:00:00+00:00,-0.00078658
SKHYNIXUSDT,1780531200001,-0.00307661,1543.97000000,Regular,2026-06-04 00:00:00+00:00,-0.00307661
SKHYNIXUSDT,1780560000001,0.00441883,1488.93198598,Regular,2026-06-04 08:00:00+00:00,0.00441883
SKHYNIXUSDT,1780588800001,0.00181916,1518.56142955,Regular,2026-06-04 16:00:00+00:00,0.00181916
SKHYNIXUSDT,1780617600001,-0.00342019,1447.03180679,Regular,2026-06-05 00:00:00+00:00,-0.00342019
SKHYNIXUSDT,1780646400001,0.00319518,1336.52539360,Regular,2026-06-05 08:00:00+00:00,0.00319518
SKHYNIXUSDT,1780675200001,-0.00222193,1318.55373992,Regular,2026-06-05 16:00:00+00:00,-0.00222193
SKHYNIXUSDT,1780704000001,-0.00128169,1238.66000000,Regular,2026-06-06 00:00:00+00:00,-0.00128169
SKHYNIXUSDT,1780732800001,-0.00026144,1212.60000000,Regular,2026-06-06 08:00:00+00:00,-0.00026144
SKHYNIXUSDT,1780761600001,-0.00023551,1203.01000000,Regular,2026-06-06 16:00:00+00:00,-0.00023551
SKHYNIXUSDT,1780790400002,0.00015832,1213.70000000,Regular,2026-06-07 00:00:00+00:00,0.00015832
SKHYNIXUSDT,1780819200001,0.00061955,1240.00000000,Regular,2026-06-07 08:00:00+00:00,0.00061955
SKHYNIXUSDT,1780848000001,0.00144544,1289.22971392,Regular,2026-06-07 16:00:00+00:00,0.00144544
SKHYNIXUSDT,1780876800001,-0.00245651,1240.92621323,Regular,2026-06-08 00:00:00+00:00,-0.00245651
SKHYNIXUSDT,1780905600001,0.00571031,1275.56967177,Regular,2026-06-08 08:00:00+00:00,0.00571031
SKHYNIXUSDT,1780934400001,0.00161537,1341.94263067,Regular,2026-06-08 16:00:00+00:00,0.00161537
SKHYNIXUSDT,1780963200001,0.00024153,1369.52150108,Regular,2026-06-09 00:00:00+00:00,0.00024153
SKHYNIXUSDT,1780992000001,0.00000000,1452.01908764,Regular,2026-06-09 08:00:00+00:00,0.0
SKHYNIXUSDT,1781020800001,-0.00495579,1392.90000000,Regular,2026-06-09 16:00:00+00:00,-0.00495579
SKHYNIXUSDT,1781049600001,0.00025339,1385.66686566,Regular,2026-06-10 00:00:00+00:00,0.00025339
SKHYNIXUSDT,1781078400001,0.00463966,1335.70140979,Regular,2026-06-10 08:00:00+00:00,0.00463966
SKHYNIXUSDT,1781107200001,0.00017878,1366.42000000,Regular,2026-06-10 16:00:00+00:00,0.00017878
SKHYNIXUSDT,1781136000001,-0.00220722,1313.33000000,Regular,2026-06-11 00:00:00+00:00,-0.00220722
SKHYNIXUSDT,1781164800001,0.00338250,1381.68000000,Regular,2026-06-11 08:00:00+00:00,0.0033825
SKHYNIXUSDT,1781193600001,0.00005254,1410.63000000,Regular,2026-06-11 16:00:00+00:00,5.254e-05
SKHYNIXUSDT,1781222400001,0.00216676,1521.00000000,Regular,2026-06-12 00:00:00+00:00,0.00216676
SKHYNIXUSDT,1781251200001,0.00074851,1429.09301385,Regular,2026-06-12 08:00:00+00:00,0.00074851
SKHYNIXUSDT,1781280000001,0.00091069,1448.24000000,Regular,2026-06-12 16:00:00+00:00,0.00091069
SKHYNIXUSDT,1781308800001,0.00000000,1474.76429381,Regular,2026-06-13 00:00:00+00:00,0.0
SKHYNIXUSDT,1781337600001,0.00000000,1475.75000000,Regular,2026-06-13 08:00:00+00:00,0.0
SKHYNIXUSDT,1781366400001,0.00000000,1483.33000000,Regular,2026-06-13 16:00:00+00:00,0.0
SKHYNIXUSDT,1781395200001,0.00000000,1499.36284062,Regular,2026-06-14 00:00:00+00:00,0.0
SKHYNIXUSDT,1781424000001,0.00000000,1510.99036190,Regular,2026-06-14 08:00:00+00:00,0.0
SKHYNIXUSDT,1781452800001,0.00000000,1516.51000000,Regular,2026-06-14 16:00:00+00:00,0.0
SKHYNIXUSDT,1781481600001,0.00029335,1537.29094981,Regular,2026-06-15 00:00:00+00:00,0.00029335
SKHYNIXUSDT,1781510400002,0.00342426,1509.77707763,Regular,2026-06-15 08:00:00+00:00,0.00342426
SKHYNIXUSDT,1781539200001,0.00097246,1575.75000000,Regular,2026-06-15 16:00:00+00:00,0.00097246
SKHYNIXUSDT,1781568000001,-0.00014432,1582.65341427,Regular,2026-06-16 00:00:00+00:00,-0.00014432
SKHYNIXUSDT,1781596800001,0.00158824,1588.97000000,Regular,2026-06-16 08:00:00+00:00,0.00158824
SKHYNIXUSDT,1781625600001,-0.00248513,1558.34485500,Regular,2026-06-16 16:00:00+00:00,-0.00248513
SKHYNIXUSDT,1781654400001,0.00000000,1551.66707107,Regular,2026-06-17 00:00:00+00:00,0.0
SKHYNIXUSDT,1781683200001,0.00159068,1657.78642883,Regular,2026-06-17 08:00:00+00:00,0.00159068
SKHYNIXUSDT,1781712000001,0.00116178,1691.82421526,Regular,2026-06-17 16:00:00+00:00,0.00116178
SKHYNIXUSDT,1781740800001,0.00000000,1686.40000000,Regular,2026-06-18 00:00:00+00:00,0.0
SKHYNIXUSDT,1781769600001,0.00072339,1746.62000000,Regular,2026-06-18 08:00:00+00:00,0.00072339
SKHYNIXUSDT,1781798400001,0.00146713,1797.07568284,Regular,2026-06-18 16:00:00+00:00,0.00146713
SKHYNIXUSDT,1781827200001,0.00035242,1851.93223451,Regular,2026-06-19 00:00:00+00:00,0.00035242
SKHYNIXUSDT,1781856000001,0.00213117,1799.48715750,Regular,2026-06-19 08:00:00+00:00,0.00213117
SKHYNIXUSDT,1781884800001,0.00000000,1827.25000000,Regular,2026-06-19 16:00:00+00:00,0.0
SKHYNIXUSDT,1781913600001,0.00030862,1836.90603948,Regular,2026-06-20 00:00:00+00:00,0.00030862
SKHYNIXUSDT,1781942400001,0.00111189,1893.52634224,Regular,2026-06-20 08:00:00+00:00,0.00111189
SKHYNIXUSDT,1781971200001,0.00013607,1895.62000000,Regular,2026-06-20 16:00:00+00:00,0.00013607
SKHYNIXUSDT,1782000000001,0.00000000,1916.23593558,Regular,2026-06-21 00:00:00+00:00,0.0
SKHYNIXUSDT,1782028800001,0.00006600,1933.13511314,Regular,2026-06-21 08:00:00+00:00,6.6e-05
SKHYNIXUSDT,1782057600001,0.00000000,1914.24088095,Regular,2026-06-21 16:00:00+00:00,0.0
SKHYNIXUSDT,1782086400001,-0.00295553,1845.38000000,Regular,2026-06-22 00:00:00+00:00,-0.00295553
SKHYNIXUSDT,1782115200001,0.00402973,1896.33000000,Regular,2026-06-22 08:00:00+00:00,0.00402973
SKHYNIXUSDT,1782144000001,0.00000000,1926.12416251,Regular,2026-06-22 16:00:00+00:00,0.0
SKHYNIXUSDT,1782172800001,0.00000000,1931.95000000,Regular,2026-06-23 00:00:00+00:00,0.0
SKHYNIXUSDT,1782201600002,0.00580329,1677.12830759,Regular,2026-06-23 08:00:00+00:00,0.00580329
SKHYNIXUSDT,1782230400001,0.00032709,1720.03410559,Regular,2026-06-23 16:00:00+00:00,0.00032709
SKHYNIXUSDT,1782259200001,0.00000000,1701.71000000,Regular,2026-06-24 00:00:00+00:00,0.0
SKHYNIXUSDT,1782288000001,0.00243107,1708.69000000,Regular,2026-06-24 08:00:00+00:00,0.00243107
SKHYNIXUSDT,1782316800001,-0.00112959,1691.58940110,Regular,2026-06-24 16:00:00+00:00,-0.00112959
SKHYNIXUSDT,1782345600002,0.00603242,1845.32169281,Regular,2026-06-25 00:00:00+00:00,0.00603242
SKHYNIXUSDT,1782374400001,0.00000000,1901.13690827,Regular,2026-06-25 08:00:00+00:00,0.0
SKHYNIXUSDT,1782403200001,-0.00058133,1884.06823277,Regular,2026-06-25 16:00:00+00:00,-0.00058133
SKHYNIXUSDT,1782432000001,-0.00036501,1850.79000000,Regular,2026-06-26 00:00:00+00:00,-0.00036501
SKHYNIXUSDT,1782460800002,0.00458019,1755.24000000,Regular,2026-06-26 08:00:00+00:00,0.00458019
SKHYNIXUSDT,1782489600001,0.00030982,1770.23000000,Regular,2026-06-26 16:00:00+00:00,0.00030982
SKHYNIXUSDT,1782518400001,0.00000000,1758.46908900,Regular,2026-06-27 00:00:00+00:00,0.0
SKHYNIXUSDT,1782547200001,0.00000000,1762.80000000,Regular,2026-06-27 08:00:00+00:00,0.0
SKHYNIXUSDT,1782576000001,0.00000000,1768.96000000,Regular,2026-06-27 16:00:00+00:00,0.0
SKHYNIXUSDT,1782604800002,0.00000000,1760.73859166,Regular,2026-06-28 00:00:00+00:00,0.0
SKHYNIXUSDT,1782633600002,0.00012761,1764.40129379,Regular,2026-06-28 08:00:00+00:00,0.00012761
SKHYNIXUSDT,1782662400001,0.00039503,1806.40200690,Regular,2026-06-28 16:00:00+00:00,0.00039503
SKHYNIXUSDT,1782691200001,-0.00157443,1748.88000000,Regular,2026-06-29 00:00:00+00:00,-0.00157443
SKHYNIXUSDT,1782720000001,0.00288018,1695.84000000,Regular,2026-06-29 08:00:00+00:00,0.00288018
SKHYNIXUSDT,1782748800001,-0.00129015,1682.43000000,Regular,2026-06-29 16:00:00+00:00,-0.00129015
SKHYNIXUSDT,1782777600000,0.00023107,1714.78807046,Regular,2026-06-30 00:00:00+00:00,0.00023107
SKHYNIXUSDT,1782806400000,0.00073258,1718.92000000,Regular,2026-06-30 08:00:00+00:00,0.00073258
SKHYNIXUSDT,1782835200001,0.00017477,1728.98000000,Regular,2026-06-30 16:00:00+00:00,0.00017477
SKHYNIXUSDT,1782864000000,0.00000000,1741.37724500,Regular,2026-07-01 00:00:00+00:00,0.0
SKHYNIXUSDT,1782892800001,0.00238242,1645.15053413,Regular,2026-07-01 08:00:00+00:00,0.00238242
SKHYNIXUSDT,1782921600001,-0.00199192,1595.67424912,Regular,2026-07-01 16:00:00+00:00,-0.00199192
SKHYNIXUSDT,1782950400000,-0.00169160,1539.14000000,Regular,2026-07-02 00:00:00+00:00,-0.0016916
SKHYNIXUSDT,1782979200001,0.00534933,1438.69178290,Regular,2026-07-02 08:00:00+00:00,0.00534933
SKHYNIXUSDT,1783008000001,-0.00149748,1439.59395493,Regular,2026-07-02 16:00:00+00:00,-0.00149748
SKHYNIXUSDT,1783036800001,0.00074962,1435.07564382,Regular,2026-07-03 00:00:00+00:00,0.00074962
SKHYNIXUSDT,1783065600001,0.00024412,1578.06509330,Regular,2026-07-03 08:00:00+00:00,0.00024412
SKHYNIXUSDT,1783094400001,0.00000000,1590.52942576,Regular,2026-07-03 16:00:00+00:00,0.0
SKHYNIXUSDT,1783123200001,0.00054917,1622.65000000,Regular,2026-07-04 00:00:00+00:00,0.00054917
SKHYNIXUSDT,1783152000001,0.00000000,1607.70387913,Regular,2026-07-04 08:00:00+00:00,0.0
SKHYNIXUSDT,1783180800001,0.00000000,1604.93089107,Regular,2026-07-04 16:00:00+00:00,0.0
SKHYNIXUSDT,1783209600002,0.00000000,1606.82074585,Regular,2026-07-05 00:00:00+00:00,0.0
SKHYNIXUSDT,1783238400001,0.00000000,1615.75932960,Regular,2026-07-05 08:00:00+00:00,0.0
SKHYNIXUSDT,1783267200001,0.00000000,1623.12565787,Regular,2026-07-05 16:00:00+00:00,0.0
SKHYNIXUSDT,1783296000001,0.00000000,1605.96256035,Regular,2026-07-06 00:00:00+00:00,0.0
SKHYNIXUSDT,1783324800001,0.00247467,1534.78628354,Regular,2026-07-06 08:00:00+00:00,0.00247467
SKHYNIXUSDT,1783353600001,0.00000000,1556.10000000,Regular,2026-07-06 16:00:00+00:00,0.0
SKHYNIXUSDT,1783382400001,-0.00187311,1505.27000000,Regular,2026-07-07 00:00:00+00:00,-0.00187311
SKHYNIXUSDT,1783411200001,0.00661515,1432.03898135,Regular,2026-07-07 08:00:00+00:00,0.00661515
SKHYNIXUSDT,1783440000001,-0.00087944,1421.82000000,Regular,2026-07-07 16:00:00+00:00,-0.00087944
SKHYNIXUSDT,1783468800002,-0.00176129,1400.68000000,Regular,2026-07-08 00:00:00+00:00,-0.00176129
SKHYNIXUSDT,1783497600001,0.00386943,1390.75598006,Regular,2026-07-08 08:00:00+00:00,0.00386943
SKHYNIXUSDT,1783526400001,0.00139656,1396.81028529,Regular,2026-07-08 16:00:00+00:00,0.00139656
SKHYNIXUSDT,1783555200001,0.00102242,1483.44000000,Regular,2026-07-09 00:00:00+00:00,0.00102242
SKHYNIXUSDT,1783584000001,0.00473872,1477.50149439,Regular,2026-07-09 08:00:00+00:00,0.00473872
SKHYNIXUSDT,1783612800001,0.00112086,1535.79254508,Regular,2026-07-09 16:00:00+00:00,0.00112086
SKHYNIXUSDT,1783641600001,0.00000000,1548.52911397,Regular,2026-07-10 00:00:00+00:00,0.0
SKHYNIXUSDT,1783670400001,0.00317264,1457.97000000,Regular,2026-07-10 08:00:00+00:00,0.00317264
SKHYNIXUSDT,1783699200001,0.00000000,1495.21490403,Regular,2026-07-10 16:00:00+00:00,0.0
SKHYNIXUSDT,1783728000001,0.00000000,1480.41606527,Regular,2026-07-11 00:00:00+00:00,0.0
SKHYNIXUSDT,1783756800001,0.00000000,1478.54000000,Regular,2026-07-11 08:00:00+00:00,0.0
SKHYNIXUSDT,1783785600001,0.00000000,1477.32406999,Regular,2026-07-11 16:00:00+00:00,0.0
SKHYNIXUSDT,1783814400001,-0.00002293,1475.02000000,Regular,2026-07-12 00:00:00+00:00,-2.293e-05
SKHYNIXUSDT,1783843200001,0.00000000,1476.73000000,Regular,2026-07-12 08:00:00+00:00,0.0
SKHYNIXUSDT,1783872000001,0.00000000,1482.88452938,Regular,2026-07-12 16:00:00+00:00,0.0
SKHYNIXUSDT,1783900800001,-0.00226626,1430.17000000,Regular,2026-07-13 00:00:00+00:00,-0.00226626
SKHYNIXUSDT,1783929600001,0.00500000,1244.81996422,Regular,2026-07-13 08:00:00+00:00,0.005
SKHYNIXUSDT,1783958400001,0.00000000,1268.41000000,Regular,2026-07-13 16:00:00+00:00,0.0
SKHYNIXUSDT,1783987200002,-0.00108201,1238.57022928,Regular,2026-07-14 00:00:00+00:00,-0.00108201
SKHYNIXUSDT,1784016000001,0.00500000,1289.73398267,Regular,2026-07-14 08:00:00+00:00,0.005
SKHYNIXUSDT,1784044800001,0.00192162,1335.01000000,Regular,2026-07-14 16:00:00+00:00,0.00192162
SKHYNIXUSDT,1784059200001,0.00133532,1388.63000000,Regular,2026-07-14 20:00:00+00:00,0.00133532
SKHYNIXUSDT,1784073600001,0.00171193,1414.78000000,Regular,2026-07-15 00:00:00+00:00,0.00171193
SKHYNIXUSDT,1784088000001,-0.00023997,1448.64488989,Regular,2026-07-15 04:00:00+00:00,-0.00023997
SKHYNIXUSDT,1784102400001,-0.00100191,1383.97000000,Regular,2026-07-15 08:00:00+00:00,-0.00100191
SKHYNIXUSDT,1784116800002,0.00000000,1372.40222149,Regular,2026-07-15 12:00:00+00:00,0.0
SKHYNIXUSDT,1784131200001,-0.00196477,1317.93165728,Regular,2026-07-15 16:00:00+00:00,-0.00196477
SKHYNIXUSDT,1784145600001,0.00064739,1318.65421780,Regular,2026-07-15 20:00:00+00:00,0.00064739
SKHYNIXUSDT,1784160000001,-0.00129085,1287.00000000,Regular,2026-07-16 00:00:00+00:00,-0.00129085
SKHYNIXUSDT,1784174400001,0.00168949,1254.00000000,Regular,2026-07-16 04:00:00+00:00,0.00168949
SKHYNIXUSDT,1784188800002,0.00034557,1238.44000000,Regular,2026-07-16 08:00:00+00:00,0.00034557
SKHYNIXUSDT,1784203200001,-0.00009577,1231.59980645,Regular,2026-07-16 12:00:00+00:00,-9.577e-05
SKHYNIXUSDT,1784217600001,-0.00042886,1218.89526120,Regular,2026-07-16 16:00:00+00:00,-0.00042886
SKHYNIXUSDT,1784232000001,-0.00097320,1190.84000000,Regular,2026-07-16 20:00:00+00:00,-0.0009732
SKHYNIXUSDT,1784246400001,-0.00092102,1188.21000000,Regular,2026-07-17 00:00:00+00:00,-0.00092102
SKHYNIXUSDT,1784260800001,0.00006403,1182.44801002,Regular,2026-07-17 04:00:00+00:00,6.403e-05
SKHYNIXUSDT,1784275200001,-0.00143406,1146.11000000,Regular,2026-07-17 08:00:00+00:00,-0.00143406
SKHYNIXUSDT,1784289600001,0.00041051,1167.56886683,Regular,2026-07-17 12:00:00+00:00,0.00041051
SKHYNIXUSDT,1784304000001,0.00150611,1211.66781351,Regular,2026-07-17 16:00:00+00:00,0.00150611
SKHYNIXUSDT,1784318400001,-0.00094887,1165.11000000,Regular,2026-07-17 20:00:00+00:00,-0.00094887
SKHYNIXUSDT,1784332800001,0.00000000,1156.67000000,Regular,2026-07-18 00:00:00+00:00,0.0
SKHYNIXUSDT,1784347200002,0.00000000,1164.14000000,Regular,2026-07-18 04:00:00+00:00,0.0
SKHYNIXUSDT,1784361600001,0.00000000,1161.58000000,Regular,2026-07-18 08:00:00+00:00,0.0
SKHYNIXUSDT,1784376000001,0.00000000,1161.11864637,Regular,2026-07-18 12:00:00+00:00,0.0
SKHYNIXUSDT,1784390400001,-0.00004143,1150.80000000,Regular,2026-07-18 16:00:00+00:00,-4.143e-05
SKHYNIXUSDT,1784404800001,0.00000000,1149.07286943,Regular,2026-07-18 20:00:00+00:00,0.0
SKHYNIXUSDT,1784419200001,0.00000000,1154.84000000,Regular,2026-07-19 00:00:00+00:00,0.0
SKHYNIXUSDT,1784433600001,0.00000000,1167.19385879,Regular,2026-07-19 04:00:00+00:00,0.0
SKHYNIXUSDT,1784448000001,0.00008177,1185.36480444,Regular,2026-07-19 08:00:00+00:00,8.177e-05
SKHYNIXUSDT,1784462400001,-0.00014976,1182.19000000,Regular,2026-07-19 12:00:00+00:00,-0.00014976
SKHYNIXUSDT,1784476800001,0.00000000,1183.25761432,Regular,2026-07-19 16:00:00+00:00,0.0
SKHYNIXUSDT,1784491200001,0.00020692,1193.54169532,Regular,2026-07-19 20:00:00+00:00,0.00020692
SKHYNIXUSDT,1784505600002,-0.00031583,1174.85706611,Regular,2026-07-20 00:00:00+00:00,-0.00031583
SKHYNIXUSDT,1784520000001,0.00166537,1209.39000000,Regular,2026-07-20 04:00:00+00:00,0.00166537
SKHYNIXUSDT,1784534400001,0.00052817,1206.43270265,Regular,2026-07-20 08:00:00+00:00,0.00052817
SKHYNIXUSDT,1784548800001,0.00060173,1243.21000000,Regular,2026-07-20 12:00:00+00:00,0.00060173
SKHYNIXUSDT,1784563200001,-0.00016124,1227.44000000,Regular,2026-07-20 16:00:00+00:00,-0.00016124
SKHYNIXUSDT,1784577600001,-0.00055024,1196.97000000,Regular,2026-07-20 20:00:00+00:00,-0.00055024
SKHYNIXUSDT,1784592000001,0.00015674,1202.73369876,Regular,2026-07-21 00:00:00+00:00,0.00015674
SKHYNIXUSDT,1784606400002,0.00119891,1274.40000000,Regular,2026-07-21 04:00:00+00:00,0.00119891
SKHYNIXUSDT,1784620800001,0.00022498,1261.76025821,Regular,2026-07-21 08:00:00+00:00,0.00022498
SKHYNIXUSDT,1784635200001,0.00000000,1262.86000000,Regular,2026-07-21 12:00:00+00:00,0.0
SKHYNIXUSDT,1784649600000,0.00068707,1290.64000000,Regular,2026-07-21 16:00:00+00:00,0.00068707
SKHYNIXUSDT,1784664000001,0.00010694,1323.28000000,Regular,2026-07-21 20:00:00+00:00,0.00010694
SKHYNIXUSDT,1784678400000,0.00000000,1336.81000000,Regular,2026-07-22 00:00:00+00:00,0.0
SKHYNIXUSDT,1784692800000,0.00034064,1314.02000000,Regular,2026-07-22 04:00:00+00:00,0.00034064
SKHYNIXUSDT,1784707200001,0.00068087,1250.28121741,Regular,2026-07-22 08:00:00+00:00,0.00068087
SKHYNIXUSDT,1784721600001,-0.00023337,1236.68000000,Regular,2026-07-22 12:00:00+00:00,-0.00023337
SKHYNIXUSDT,1784736000000,0.00071250,1272.51000000,Regular,2026-07-22 16:00:00+00:00,0.0007125
SKHYNIXUSDT,1784750400000,-0.00005632,1260.89000000,Regular,2026-07-22 20:00:00+00:00,-5.632e-05
SKHYNIXUSDT,1784764800000,0.00000000,1300.05000000,Regular,2026-07-23 00:00:00+00:00,0.0
SKHYNIXUSDT,1784779200001,0.00063342,1296.87232710,Regular,2026-07-23 04:00:00+00:00,0.00063342
SKHYNIXUSDT,1784793600001,0.00006207,1304.97000000,Regular,2026-07-23 08:00:00+00:00,6.207e-05
SKHYNIXUSDT,1784808000000,-0.00080868,1293.51906174,Regular,2026-07-23 12:00:00+00:00,-0.00080868
SKHYNIXUSDT,1784822400001,-0.00007333,1285.58298930,Regular,2026-07-23 16:00:00+00:00,-7.333e-05
SKHYNIXUSDT,1784836800000,-0.00015507,1286.45000000,Regular,2026-07-23 20:00:00+00:00,-0.00015507
SKHYNIXUSDT,1784851200000,0.00000000,1283.66000000,Regular,2026-07-24 00:00:00+00:00,0.0
SKHYNIXUSDT,1784865600000,0.00137911,1210.35000000,Regular,2026-07-24 04:00:00+00:00,0.00137911
SKHYNIXUSDT,1784880000000,0.00134578,1223.17271498,Regular,2026-07-24 08:00:00+00:00,0.00134578
SKHYNIXUSDT,1784894400001,0.00000000,1230.13000000,Regular,2026-07-24 12:00:00+00:00,0.0
SKHYNIXUSDT,1784908800000,-0.00044942,1195.24000000,Regular,2026-07-24 16:00:00+00:00,-0.00044942
SKHYNIXUSDT,1784923200000,-0.00028398,1172.12620367,Regular,2026-07-24 20:00:00+00:00,-0.00028398
SKHYNIXUSDT,1784937600001,-0.00005092,1169.56000000,Regular,2026-07-25 00:00:00+00:00,-5.092e-05
SKHYNIXUSDT,1784952000001,0.00047410,1190.04943771,Regular,2026-07-25 04:00:00+00:00,0.0004741
SKHYNIXUSDT,1784966400000,0.00000000,1193.24680982,Regular,2026-07-25 08:00:00+00:00,0.0
SKHYNIXUSDT,1784980800000,0.00000000,1201.70363078,Regular,2026-07-25 12:00:00+00:00,0.0
SKHYNIXUSDT,1784995200000,0.00000000,1201.32000000,Regular,2026-07-25 16:00:00+00:00,0.0
SKHYNIXUSDT,1785009600000,0.00011139,1218.76000000,Regular,2026-07-25 20:00:00+00:00,0.00011139
SKHYNIXUSDT,1785024000001,0.00000000,1226.60000000,Regular,2026-07-26 00:00:00+00:00,0.0
SKHYNIXUSDT,1785038400000,0.00001648,1229.58000000,Regular,2026-07-26 04:00:00+00:00,1.648e-05
SKHYNIXUSDT,1785052800001,-0.00001979,1224.99000000,Regular,2026-07-26 08:00:00+00:00,-1.979e-05
SKHYNIXUSDT,1785067200000,0.00000000,1227.92000000,Regular,2026-07-26 12:00:00+00:00,0.0
SKHYNIXUSDT,1785081600001,0.00000000,1223.30000000,Regular,2026-07-26 16:00:00+00:00,0.0
SKHYNIXUSDT,1785096000000,0.00000000,1221.08249096,Regular,2026-07-26 20:00:00+00:00,0.0
SKHYNIXUSDT,1785110400001,0.00082569,1250.40000000,Regular,2026-07-27 00:00:00+00:00,0.00082569
SKHYNIXUSDT,1785124800000,0.00183254,1199.25000000,Regular,2026-07-27 04:00:00+00:00,0.00183254
SKHYNIXUSDT,1785139200001,0.00025493,1236.28038180,Regular,2026-07-27 08:00:00+00:00,0.00025493
SKHYNIXUSDT,1785153600001,-0.00023261,1228.34827321,Regular,2026-07-27 12:00:00+00:00,-0.00023261
SKHYNIXUSDT,1785168000000,-0.00246424,1147.73760980,Regular,2026-07-27 16:00:00+00:00,-0.00246424
SKHYNIXUSDT,1785182400001,0.00008584,1141.05006246,Regular,2026-07-27 20:00:00+00:00,8.584e-05
SKHYNIXUSDT,1785196800000,0.00000000,1136.69988288,Regular,2026-07-28 00:00:00+00:00,0.0
SKHYNIXUSDT,1785211200000,0.00201005,1093.20000000,Regular,2026-07-28 04:00:00+00:00,0.00201005
SKHYNIXUSDT,1785225600000,0.00085144,1063.15000000,Regular,2026-07-28 08:00:00+00:00,0.00085144
SKHYNIXUSDT,1785240000000,0.00000000,1059.57000000,Regular,2026-07-28 12:00:00+00:00,0.0
SKHYNIXUSDT,1785254400000,0.00072370,1070.43119599,Regular,2026-07-28 16:00:00+00:00,0.0007237
SKHYNIXUSDT,1785268800001,0.00000000,1052.48439171,Regular,2026-07-28 20:00:00+00:00,0.0
SKHYNIXUSDT,1785283200001,0.00000000,1070.36488680,Regular,2026-07-29 00:00:00+00:00,0.0
SKHYNIXUSDT,1785297600000,0.00384462,929.67000000,Regular,2026-07-29 04:00:00+00:00,0.00384462
SKHYNIXUSDT,1785312000001,0.00239035,988.55000000,Regular,2026-07-29 08:00:00+00:00,0.00239035
SKHYNIXUSDT,1785326400001,0.00000000,1000.03394168,Regular,2026-07-29 12:00:00+00:00,0.0
SKHYNIXUSDT,1785340800001,-0.00081102,974.75000000,Regular,2026-07-29 16:00:00+00:00,-0.00081102
SKHYNIXUSDT,1785355200001,-0.00058825,959.04292850,Regular,2026-07-29 20:00:00+00:00,-0.00058825
SKHYNIXUSDT,1785369600000,0.00000000,951.42000000,Regular,2026-07-30 00:00:00+00:00,0.0
SKHYNIXUSDT,1785384000000,0.00296498,932.56000000,Regular,2026-07-30 04:00:00+00:00,0.00296498
SKHYNIXUSDT,1785398400001,0.00022029,904.48000000,Regular,2026-07-30 08:00:00+00:00,0.00022029
SKHYNIXUSDT,1785412800000,0.00190902,960.53243232,Regular,2026-07-30 12:00:00+00:00,0.00190902
SKHYNIXUSDT,1785427200000,0.00322737,1037.27709677,Regular,2026-07-30 16:00:00+00:00,0.00322737
SKHYNIXUSDT,1785441600000,0.00046113,1061.22000000,Regular,2026-07-30 20:00:00+00:00,0.00046113
SKHYNIXUSDT,1785456000000,0.00094104,1105.22000000,Regular,2026-07-31 00:00:00+00:00,0.00094104
SKHYNIXUSDT,1785470400002,0.00000000,1151.68873646,Regular,2026-07-31 04:00:00+00:00,0.0
