symbol,underlyingType,days,daily_avg,daily_avg_pct,annualized_pct
HK0700USDT,HK_EQUITY,1,0.00285204,0.285204,104.09946000000001
BOTUSDT,EQUITY,4,0.002228135,0.2228135,81.3269275
HK1810USDT,HK_EQUITY,1,0.00176491,0.176491,64.419215
TENCENTUSDT,HK_EQUITY,1,0.00169152,0.169152,61.74048
MINIMAXUSDT,HK_EQUITY,4,0.0016153724999999999,0.16153725,58.96109625
FWDIUSDT,EQUITY,4,0.001501235,0.15012350000000002,54.7950775
SKHYNIXUSDT,KR_EQUITY,4,0.0013053175,0.13053175,47.64408875
FLEXUSDT,EQUITY,4,0.0009062524999999999,0.09062524999999999,33.07821625
GEVUSDT,EQUITY,4,0.0008844,0.08844,32.28060000000001
KSTRUSDT,EQUITY,4,0.000808445,0.0808445,29.508242499999998
SAMSUNGUSDT,KR_EQUITY,4,0.0007834100000000001,0.07834100000000001,28.594465000000003
SOFIUSDT,EQUITY,2,0.0007776300000000001,0.07776300000000001,28.383495000000003
SOXLUSDT,EQUITY,4,0.00048076999999999994,0.048076999999999995,17.548104999999996
AXTIUSDT,EQUITY,4,0.00044474499999999997,0.0444745,16.233192499999998
PENGUSDT,EQUITY,2,0.000417185,0.0417185,15.227252499999999
MUUUSDT,EQUITY,4,0.0003184925,0.031849249999999996,11.62497625
AAOIUSDT,EQUITY,4,0.0002825375,0.028253749999999998,10.312618749999999
BSPUSDT,EQUITY,4,0.000266765,0.026676500000000002,9.7369225
MVLLUSDT,EQUITY,4,0.00026270000000000004,0.026270000000000005,9.588550000000001
ZHIPUUSDT,HK_EQUITY,4,0.0002623425,0.02623425,9.57550125
BRKBUSDT,EQUITY,4,0.00026008,0.026008,9.49292
MRVLUSDT,EQUITY,4,0.000251005,0.0251005,9.1616825
HYUNDAIUSDT,KR_EQUITY,4,0.00025007500000000005,0.025007500000000005,9.127737500000002
TQQQUSDT,EQUITY,4,0.0002410625,0.024106250000000003,8.79878125
BBXUSDT,EQUITY,4,0.00021805999999999998,0.021806,7.9591899999999995
IBMUSDT,EQUITY,4,0.000211865,0.0211865,7.7330725000000005
SNXXUSDT,EQUITY,4,0.00020149499999999997,0.020149499999999997,7.354567499999999
GOOGLUSDT,EQUITY,4,0.00018756249999999999,0.01875625,6.846031249999999
MUUSDT,EQUITY,4,0.00018589500000000002,0.018589500000000002,6.785167500000002
SPCXUSD1,EQUITY,3,0.00018011,0.018011,6.574014999999999
SPCXUSDT,EQUITY,4,0.000177075,0.0177075,6.463237500000001
TSLAUSDT,EQUITY,4,0.00016905999999999998,0.016905999999999997,6.17069
KORUUSDT,EQUITY,4,0.0001647075,0.01647075,6.01182375
INTCUSDT,EQUITY,4,0.000160445,0.0160445,5.8562425000000005
XBIUSDT,EQUITY,4,0.00015438500000000002,0.015438500000000003,5.6350525000000005
ARMUSDT,EQUITY,4,0.00013835,0.013835,5.049775
NBISUSDT,EQUITY,4,0.00013149250000000002,0.013149250000000001,4.7994762500000006
CRWVUSDT,EQUITY,4,0.0001314225,0.01314225,4.79692125
LLYUSDT,EQUITY,4,0.00010998,0.010998,4.014270000000001
GLWUSDT,EQUITY,4,0.000108245,0.0108245,3.9509425
EWYUSDT,EQUITY,4,0.0001073875,0.01073875,3.91964375
TZAUSDT,EQUITY,4,0.0001073625,0.01073625,3.91873125
EWJUSDT,EQUITY,4,0.0001041525,0.01041525,3.80156625
COINUSDT,EQUITY,4,9.555e-05,0.009555000000000001,3.4875750000000005
XLEUSDT,EQUITY,4,9.23525e-05,0.009235249999999999,3.37086625
PAYPUSDT,EQUITY,4,8.929e-05,0.008929,3.259085
MSTRUSDT,EQUITY,4,7.91675e-05,0.00791675,2.88961375
HOODUSDT,EQUITY,4,7.32475e-05,0.0073247500000000005,2.6735337500000003
SPYUSDT,EQUITY,4,6.852e-05,0.0068520000000000005,2.50098
IRENUSDT,EQUITY,4,6.21225e-05,0.006212249999999999,2.2674712499999994
ASTSUSDT,EQUITY,4,6.0725e-05,0.0060725,2.2164625
CRCLUSDT,EQUITY,4,5.59025e-05,0.005590250000000001,2.04044125
CRDOUSDT,EQUITY,4,5.40675e-05,0.00540675,1.9734637499999999
WDCUSDT,EQUITY,4,4.6825e-05,0.0046825,1.7091124999999998
QQQUSDT,EQUITY,4,4.4655e-05,0.0044655,1.6299075
DRAMUSDT,EQUITY,4,3.79925e-05,0.00379925,1.38672625
BMNRUSDT,EQUITY,4,3.79225e-05,0.00379225,1.38417125
AMATUSDT,EQUITY,4,3.636e-05,0.003636,1.32714
HPEUSDT,EQUITY,4,3.578e-05,0.003578,1.30597
MSFTUSDT,EQUITY,4,3.3425e-05,0.0033425,1.2200125
LRCXUSDT,EQUITY,4,3.31125e-05,0.00331125,1.2086062499999999
NOKUSDT,EQUITY,4,3.24475e-05,0.00324475,1.18433375
CRMUSDT,EQUITY,4,3.017e-05,0.003017,1.101205
NOWUSDT,EQUITY,4,2.527e-05,0.002527,0.922355
ASMLUSDT,EQUITY,4,2.45175e-05,0.00245175,0.89488875
STRCUSDT,EQUITY,4,2.06375e-05,0.00206375,0.75326875
BEUSDT,EQUITY,4,1.92325e-05,0.0019232499999999998,0.7019862499999999
QCOMUSDT,EQUITY,4,1.9015e-05,0.0019015,0.6940474999999999
TSMUSDT,EQUITY,4,1.771e-05,0.0017710000000000002,0.6464150000000001
NVDAUSDT,EQUITY,4,1.7195e-05,0.0017195,0.6276175
HDUSDT,EQUITY,4,1.36775e-05,0.00136775,0.49922875000000005
COHRUSDT,EQUITY,4,1.225e-05,0.001225,0.44712499999999994
CIENUSDT,EQUITY,4,1.035e-05,0.001035,0.37777499999999997
AVGOUSDT,EQUITY,4,7.3325e-06,0.00073325,0.26763625
ORCLUSDT,EQUITY,4,5.41e-06,0.000541,0.197465
AMZNUSDT,EQUITY,4,3.8875e-06,0.00038875,0.14189374999999999
RKLBUSDT,EQUITY,4,3.425e-06,0.0003425,0.1250125
BABAUSDT,EQUITY,4,1.3225000000000013e-06,0.00013225000000000012,0.04827125000000005
URNMUSDT,EQUITY,4,1.2224999999999972e-06,0.00012224999999999972,0.0446212499999999
CSCOUSDT,EQUITY,4,0.0,0.0,0.0
TXNUSDT,EQUITY,4,0.0,0.0,0.0
CRWDUSDT,EQUITY,4,0.0,0.0,0.0
ALABUSDT,EQUITY,4,0.0,0.0,0.0
SMCIUSDT,EQUITY,4,0.0,0.0,0.0
COSTUSDT,EQUITY,4,0.0,0.0,0.0
UVXYUSDT,EQUITY,4,0.0,0.0,0.0
ADBEUSDT,EQUITY,4,0.0,0.0,0.0
TERUSDT,EQUITY,4,0.0,0.0,0.0
VUSDT,EQUITY,4,0.0,0.0,0.0
WMTUSDT,EQUITY,4,0.0,0.0,0.0
RIVNUSDT,EQUITY,4,0.0,0.0,0.0
UBERUSDT,EQUITY,4,0.0,0.0,0.0
DISUSDT,EQUITY,4,0.0,0.0,0.0
PLTRUSDT,EQUITY,4,0.0,0.0,0.0
IWMUSDT,EQUITY,4,0.0,0.0,0.0
JPMUSDT,EQUITY,4,0.0,0.0,0.0
HIMSUSDT,EQUITY,4,0.0,0.0,0.0
AAPLUSDT,EQUITY,4,0.0,0.0,0.0
METAUSDT,EQUITY,4,0.0,0.0,0.0
GMEUSDT,EQUITY,4,0.0,0.0,0.0
KLACUSDT,EQUITY,4,0.0,0.0,0.0
USARUSDT,EQUITY,4,0.0,0.0,0.0
NFLXUSDT,EQUITY,4,0.0,0.0,0.0
NVOUSDT,EQUITY,4,0.0,0.0,0.0
ONDSUSDT,EQUITY,4,0.0,0.0,0.0
PANWUSDT,EQUITY,2,0.0,0.0,0.0
DKNGUSDT,EQUITY,4,0.0,0.0,0.0
SNOWUSDT,EQUITY,4,-5.045e-06,-0.0005045,-0.18414250000000001
EWZUSDT,EQUITY,4,-1.1295000000000003e-05,-0.0011295000000000003,-0.4122675000000001
EWTUSDT,EQUITY,4,-1.8854999999999998e-05,-0.0018854999999999998,-0.6882075
ZMUSDT,EQUITY,4,-3.271e-05,-0.0032709999999999996,-1.1939149999999998
SNDKUSDT,EQUITY,4,-3.649750000000001e-05,-0.0036497500000000006,-1.3321587500000003
FLNCUSDT,EQUITY,4,-3.8757499999999996e-05,-0.0038757499999999994,-1.41464875
LITEUSDT,EQUITY,4,-5.6355e-05,-0.0056355,-2.0569574999999998
TTWOUSDT,EQUITY,4,-6.83025e-05,-0.00683025,-2.49304125
AMDUSDT,EQUITY,4,-7.17975e-05,-0.0071797499999999995,-2.6206087499999997
SKHYUSDT,EQUITY,4,-0.0001189575,-0.01189575,-4.34194875
SQQQUSDT,EQUITY,4,-0.000127155,-0.0127155,-4.641157499999999
VRTUSDT,EQUITY,4,-0.000159705,-0.0159705,-5.8292325
BNCUSDT,EQUITY,4,-0.00020270749999999984,-0.020270749999999983,-7.398823749999995
APPUSDT,EQUITY,4,-0.0002338725,-0.02338725,-8.53634625
CBRSUSDT,EQUITY,4,-0.00027835999999999996,-0.027835999999999996,-10.160139999999998
BXUSDT,EQUITY,4,-0.00042229,-0.042229,-15.413585000000001
EBAYUSDT,EQUITY,4,-0.00042255,-0.042255,-15.423075
SHAZUSDT,EQUITY,2,-0.000435155,-0.0435155,-15.8831575
DELLUSDT,EQUITY,4,-0.000516365,-0.051636499999999995,-18.8473225
SONYUSDT,EQUITY,4,-0.0005466924999999999,-0.054669249999999996,-19.954276249999996
SOXSUSDT,EQUITY,4,-0.000639445,-0.0639445,-23.3397425
QNTXUSDT,EQUITY,4,-0.00091956,-0.09195600000000001,-33.56394
WENUSDT,EQUITY,4,-0.0014089025,-0.14089025,-51.42494125
INTWUSDT,EQUITY,4,-0.0014178250000000002,-0.1417825,-51.7506125
STXXUSDT,EQUITY,4,-0.0022034175,-0.22034174999999998,-80.42473874999999
CATUSDT,EQUITY,4,-0.00317703,-0.317703,-115.961595
