symbol,underlyingType,fundingTime,fundingRate,markPrice,ts,date,prev_ts,interval_h,win_start,overlap_h,seg,wknd
BOTUSDT,EQUITY,1784476800001,0.0,29.59990246,2026-07-19 16:00:00+00:00,2026-07-19,2026-07-19 08:00:00+00:00,8.0,2026-07-19 08:00:00+00:00,0.0,off,True
BOTUSDT,EQUITY,1784505600002,-0.00040891,28.88572756,2026-07-20 00:00:00+00:00,2026-07-20,2026-07-19 16:00:00+00:00,8.0,2026-07-19 16:00:00+00:00,0.0,off,True
BOTUSDT,EQUITY,1784534400001,0.00543214,29.52,2026-07-20 08:00:00+00:00,2026-07-20,2026-07-20 00:00:00+00:00,8.0,2026-07-20 00:00:00+00:00,0.0,off,False
BOTUSDT,EQUITY,1784563200001,0.00065581,27.35,2026-07-20 16:00:00+00:00,2026-07-20,2026-07-20 08:00:00+00:00,8.0,2026-07-20 08:00:00+00:00,2.5,session,False
BOTUSDT,EQUITY,1784592000001,0.00030859,27.24,2026-07-21 00:00:00+00:00,2026-07-21,2026-07-20 16:00:00+00:00,8.0,2026-07-20 16:00:00+00:00,4.0,session,False
BOTUSDT,EQUITY,1784620800001,0.00248493,27.7,2026-07-21 08:00:00+00:00,2026-07-21,2026-07-21 00:00:00+00:00,8.0,2026-07-21 00:00:00+00:00,0.0,off,False
BOTUSDT,EQUITY,1784649600000,0.00025848,28.098432,2026-07-21 16:00:00+00:00,2026-07-21,2026-07-21 08:00:00+00:00,8.0,2026-07-21 08:00:00+00:00,2.5,session,False
BOTUSDT,EQUITY,1784678400000,0.00250283,28.94625294,2026-07-22 00:00:00+00:00,2026-07-22,2026-07-21 16:00:00+00:00,8.0,2026-07-21 16:00:00+00:00,4.0,session,False
BOTUSDT,EQUITY,1784707200001,-0.00232133,27.92204517,2026-07-22 08:00:00+00:00,2026-07-22,2026-07-22 00:00:00+00:00,8.0,2026-07-22 00:00:00+00:00,0.0,off,False
FLEXUSDT,EQUITY,1784476800001,0.0,118.09,2026-07-19 16:00:00+00:00,2026-07-19,2026-07-19 08:00:00+00:00,8.0,2026-07-19 08:00:00+00:00,0.0,off,True
FLEXUSDT,EQUITY,1784505600002,0.0,118.44521237,2026-07-20 00:00:00+00:00,2026-07-20,2026-07-19 16:00:00+00:00,8.0,2026-07-19 16:00:00+00:00,0.0,off,True
FLEXUSDT,EQUITY,1784534400001,0.00046669,119.24,2026-07-20 08:00:00+00:00,2026-07-20,2026-07-20 00:00:00+00:00,8.0,2026-07-20 00:00:00+00:00,0.0,off,False
FLEXUSDT,EQUITY,1784563200001,0.0,120.91115682,2026-07-20 16:00:00+00:00,2026-07-20,2026-07-20 08:00:00+00:00,8.0,2026-07-20 08:00:00+00:00,2.5,session,False
FLEXUSDT,EQUITY,1784592000001,0.00341289,119.9,2026-07-21 00:00:00+00:00,2026-07-21,2026-07-20 16:00:00+00:00,8.0,2026-07-20 16:00:00+00:00,4.0,session,False
FLEXUSDT,EQUITY,1784620800001,0.00023553,122.91092194,2026-07-21 08:00:00+00:00,2026-07-21,2026-07-21 00:00:00+00:00,8.0,2026-07-21 00:00:00+00:00,0.0,off,False
FLEXUSDT,EQUITY,1784649600000,0.0,126.12651744,2026-07-21 16:00:00+00:00,2026-07-21,2026-07-21 08:00:00+00:00,8.0,2026-07-21 08:00:00+00:00,2.5,session,False
FLEXUSDT,EQUITY,1784678400000,0.00021824,127.52,2026-07-22 00:00:00+00:00,2026-07-22,2026-07-21 16:00:00+00:00,8.0,2026-07-21 16:00:00+00:00,4.0,session,False
FLEXUSDT,EQUITY,1784707200001,-0.00070834,126.27609431,2026-07-22 08:00:00+00:00,2026-07-22,2026-07-22 00:00:00+00:00,8.0,2026-07-22 00:00:00+00:00,0.0,off,False
FWDIUSDT,EQUITY,1784476800001,4.361e-05,4.094,2026-07-19 16:00:00+00:00,2026-07-19,2026-07-19 08:00:00+00:00,8.0,2026-07-19 08:00:00+00:00,0.0,off,True
FWDIUSDT,EQUITY,1784505600002,0.0,4.175,2026-07-20 00:00:00+00:00,2026-07-20,2026-07-19 16:00:00+00:00,8.0,2026-07-19 16:00:00+00:00,0.0,off,True
FWDIUSDT,EQUITY,1784534400001,0.00246571,4.16465289,2026-07-20 08:00:00+00:00,2026-07-20,2026-07-20 00:00:00+00:00,8.0,2026-07-20 00:00:00+00:00,0.0,off,False
FWDIUSDT,EQUITY,1784563200001,0.00154874,4.18505335,2026-07-20 16:00:00+00:00,2026-07-20,2026-07-20 08:00:00+00:00,8.0,2026-07-20 08:00:00+00:00,2.5,session,False
FWDIUSDT,EQUITY,1784592000001,0.0,4.157,2026-07-21 00:00:00+00:00,2026-07-21,2026-07-20 16:00:00+00:00,8.0,2026-07-20 16:00:00+00:00,4.0,session,False
FWDIUSDT,EQUITY,1784620800001,0.0,4.21115189,2026-07-21 08:00:00+00:00,2026-07-21,2026-07-21 00:00:00+00:00,8.0,2026-07-21 00:00:00+00:00,0.0,off,False
FWDIUSDT,EQUITY,1784649600000,-0.00110862,4.408,2026-07-21 16:00:00+00:00,2026-07-21,2026-07-21 08:00:00+00:00,8.0,2026-07-21 08:00:00+00:00,2.5,session,False
FWDIUSDT,EQUITY,1784678400000,0.00519892,4.554,2026-07-22 00:00:00+00:00,2026-07-22,2026-07-21 16:00:00+00:00,8.0,2026-07-21 16:00:00+00:00,4.0,session,False
FWDIUSDT,EQUITY,1784707200001,-0.00214342,3.99669693,2026-07-22 08:00:00+00:00,2026-07-22,2026-07-22 00:00:00+00:00,8.0,2026-07-22 00:00:00+00:00,0.0,off,False
GEVUSDT,EQUITY,1784476800001,0.0,1057.80207069,2026-07-19 16:00:00+00:00,2026-07-19,2026-07-19 08:00:00+00:00,8.0,2026-07-19 08:00:00+00:00,0.0,off,True
GEVUSDT,EQUITY,1784505600002,0.0,1060.31098855,2026-07-20 00:00:00+00:00,2026-07-20,2026-07-19 16:00:00+00:00,8.0,2026-07-19 16:00:00+00:00,0.0,off,True
GEVUSDT,EQUITY,1784534400001,0.0,1064.9,2026-07-20 08:00:00+00:00,2026-07-20,2026-07-20 00:00:00+00:00,8.0,2026-07-20 00:00:00+00:00,0.0,off,False
GEVUSDT,EQUITY,1784563200001,0.0,1059.84,2026-07-20 16:00:00+00:00,2026-07-20,2026-07-20 08:00:00+00:00,8.0,2026-07-20 08:00:00+00:00,2.5,session,False
GEVUSDT,EQUITY,1784592000001,0.0,1079.14,2026-07-21 00:00:00+00:00,2026-07-21,2026-07-20 16:00:00+00:00,8.0,2026-07-20 16:00:00+00:00,4.0,session,False
GEVUSDT,EQUITY,1784620800001,0.00024536,1104.65,2026-07-21 08:00:00+00:00,2026-07-21,2026-07-21 00:00:00+00:00,8.0,2026-07-21 00:00:00+00:00,0.0,off,False
GEVUSDT,EQUITY,1784649600000,0.0,1086.64,2026-07-21 16:00:00+00:00,2026-07-21,2026-07-21 08:00:00+00:00,8.0,2026-07-21 08:00:00+00:00,2.5,session,False
GEVUSDT,EQUITY,1784678400000,0.0,1092.93,2026-07-22 00:00:00+00:00,2026-07-22,2026-07-21 16:00:00+00:00,8.0,2026-07-21 16:00:00+00:00,4.0,session,False
GEVUSDT,EQUITY,1784707200001,0.00329224,1060.02684502,2026-07-22 08:00:00+00:00,2026-07-22,2026-07-22 00:00:00+00:00,8.0,2026-07-22 00:00:00+00:00,0.0,off,False
KSTRUSDT,EQUITY,1784476800001,0.00109135,25.9751306,2026-07-19 16:00:00+00:00,2026-07-19,2026-07-19 08:00:00+00:00,8.0,2026-07-19 08:00:00+00:00,0.0,off,True
KSTRUSDT,EQUITY,1784505600002,0.0,25.67992242,2026-07-20 00:00:00+00:00,2026-07-20,2026-07-19 16:00:00+00:00,8.0,2026-07-19 16:00:00+00:00,0.0,off,True
KSTRUSDT,EQUITY,1784534400001,5.48e-05,24.62,2026-07-20 08:00:00+00:00,2026-07-20,2026-07-20 00:00:00+00:00,8.0,2026-07-20 00:00:00+00:00,0.0,off,False
KSTRUSDT,EQUITY,1784563200001,0.00035408,24.76418734,2026-07-20 16:00:00+00:00,2026-07-20,2026-07-20 08:00:00+00:00,8.0,2026-07-20 08:00:00+00:00,2.5,session,False
KSTRUSDT,EQUITY,1784592000001,0.0,24.63,2026-07-21 00:00:00+00:00,2026-07-21,2026-07-20 16:00:00+00:00,8.0,2026-07-20 16:00:00+00:00,4.0,session,False
KSTRUSDT,EQUITY,1784620800001,0.00074559,26.81,2026-07-21 08:00:00+00:00,2026-07-21,2026-07-21 00:00:00+00:00,8.0,2026-07-21 00:00:00+00:00,0.0,off,False
KSTRUSDT,EQUITY,1784649600000,0.0,27.2,2026-07-21 16:00:00+00:00,2026-07-21,2026-07-21 08:00:00+00:00,8.0,2026-07-21 08:00:00+00:00,2.5,session,False
KSTRUSDT,EQUITY,1784678400000,0.00098796,27.34,2026-07-22 00:00:00+00:00,2026-07-22,2026-07-21 16:00:00+00:00,8.0,2026-07-21 16:00:00+00:00,4.0,session,False
KSTRUSDT,EQUITY,1784707200001,0.0,26.42,2026-07-22 08:00:00+00:00,2026-07-22,2026-07-22 00:00:00+00:00,8.0,2026-07-22 00:00:00+00:00,0.0,off,False
MINIMAXUSDT,HK_EQUITY,1784476800001,0.0,28.28,2026-07-19 16:00:00+00:00,2026-07-19,2026-07-19 08:00:00+00:00,8.0,2026-07-19 08:00:00+00:00,0.0,off,True
MINIMAXUSDT,HK_EQUITY,1784505600002,0.00021852,29.24022388,2026-07-20 00:00:00+00:00,2026-07-20,2026-07-19 16:00:00+00:00,8.0,2026-07-19 16:00:00+00:00,0.0,off,True
MINIMAXUSDT,HK_EQUITY,1784534400001,0.0040793,24.8,2026-07-20 08:00:00+00:00,2026-07-20,2026-07-20 00:00:00+00:00,8.0,2026-07-20 00:00:00+00:00,6.5,session,False
MINIMAXUSDT,HK_EQUITY,1784563200001,0.00116099,25.86,2026-07-20 16:00:00+00:00,2026-07-20,2026-07-20 08:00:00+00:00,8.0,2026-07-20 08:00:00+00:00,0.0,off,False
MINIMAXUSDT,HK_EQUITY,1784592000001,0.0,25.89,2026-07-21 00:00:00+00:00,2026-07-21,2026-07-20 16:00:00+00:00,8.0,2026-07-20 16:00:00+00:00,0.0,off,False
MINIMAXUSDT,HK_EQUITY,1784620800001,0.0,28.34343885,2026-07-21 08:00:00+00:00,2026-07-21,2026-07-21 00:00:00+00:00,8.0,2026-07-21 00:00:00+00:00,6.5,session,False
MINIMAXUSDT,HK_EQUITY,1784649600000,0.0,28.02,2026-07-21 16:00:00+00:00,2026-07-21,2026-07-21 08:00:00+00:00,8.0,2026-07-21 08:00:00+00:00,0.0,off,False
MINIMAXUSDT,HK_EQUITY,1784678400000,0.00046454,29.16,2026-07-22 00:00:00+00:00,2026-07-22,2026-07-21 16:00:00+00:00,8.0,2026-07-21 16:00:00+00:00,0.0,off,False
MINIMAXUSDT,HK_EQUITY,1784707200001,0.00053814,24.84686073,2026-07-22 08:00:00+00:00,2026-07-22,2026-07-22 00:00:00+00:00,8.0,2026-07-22 00:00:00+00:00,6.5,session,False
SAMSUNGUSDT,KR_EQUITY,1784462400001,-3.292e-05,167.99835705,2026-07-19 12:00:00+00:00,2026-07-19,2026-07-19 08:00:00+00:00,4.0,2026-07-19 08:00:00+00:00,0.0,off,True
SAMSUNGUSDT,KR_EQUITY,1784476800001,0.0,167.62129129,2026-07-19 16:00:00+00:00,2026-07-19,2026-07-19 12:00:00+00:00,4.0,2026-07-19 12:00:00+00:00,0.0,off,True
SAMSUNGUSDT,KR_EQUITY,1784491200001,0.0,168.01155609,2026-07-19 20:00:00+00:00,2026-07-19,2026-07-19 16:00:00+00:00,4.0,2026-07-19 16:00:00+00:00,0.0,off,True
SAMSUNGUSDT,KR_EQUITY,1784505600002,-0.00118156,163.36976025,2026-07-20 00:00:00+00:00,2026-07-20,2026-07-19 20:00:00+00:00,4.0,2026-07-19 20:00:00+00:00,0.0,off,True
SAMSUNGUSDT,KR_EQUITY,1784520000001,0.00135516,165.08104075,2026-07-20 04:00:00+00:00,2026-07-20,2026-07-20 00:00:00+00:00,4.0,2026-07-20 00:00:00+00:00,4.0,session,False
SAMSUNGUSDT,KR_EQUITY,1784534400001,0.00015686,165.88,2026-07-20 08:00:00+00:00,2026-07-20,2026-07-20 04:00:00+00:00,4.0,2026-07-20 04:00:00+00:00,2.5,session,False
SAMSUNGUSDT,KR_EQUITY,1784548800001,0.00090079,171.31,2026-07-20 12:00:00+00:00,2026-07-20,2026-07-20 08:00:00+00:00,4.0,2026-07-20 08:00:00+00:00,0.0,off,False
SAMSUNGUSDT,KR_EQUITY,1784563200001,0.0,171.06,2026-07-20 16:00:00+00:00,2026-07-20,2026-07-20 12:00:00+00:00,4.0,2026-07-20 12:00:00+00:00,0.0,off,False
SAMSUNGUSDT,KR_EQUITY,1784577600001,-0.00016793,168.82253408,2026-07-20 20:00:00+00:00,2026-07-20,2026-07-20 16:00:00+00:00,4.0,2026-07-20 16:00:00+00:00,0.0,off,False
SAMSUNGUSDT,KR_EQUITY,1784592000001,-8.988e-05,168.01,2026-07-21 00:00:00+00:00,2026-07-21,2026-07-20 20:00:00+00:00,4.0,2026-07-20 20:00:00+00:00,0.0,off,False
SAMSUNGUSDT,KR_EQUITY,1784606400002,0.00083118,177.84,2026-07-21 04:00:00+00:00,2026-07-21,2026-07-21 00:00:00+00:00,4.0,2026-07-21 00:00:00+00:00,4.0,session,False
SAMSUNGUSDT,KR_EQUITY,1784620800001,0.00011019,176.63,2026-07-21 08:00:00+00:00,2026-07-21,2026-07-21 04:00:00+00:00,4.0,2026-07-21 04:00:00+00:00,2.5,session,False
SAMSUNGUSDT,KR_EQUITY,1784635200001,9.03e-05,179.34,2026-07-21 12:00:00+00:00,2026-07-21,2026-07-21 08:00:00+00:00,4.0,2026-07-21 08:00:00+00:00,0.0,off,False
SAMSUNGUSDT,KR_EQUITY,1784649600000,0.00071518,183.0,2026-07-21 16:00:00+00:00,2026-07-21,2026-07-21 12:00:00+00:00,4.0,2026-07-21 12:00:00+00:00,0.0,off,False
SAMSUNGUSDT,KR_EQUITY,1784664000001,0.0,183.6557036,2026-07-21 20:00:00+00:00,2026-07-21,2026-07-21 16:00:00+00:00,4.0,2026-07-21 16:00:00+00:00,0.0,off,False
SAMSUNGUSDT,KR_EQUITY,1784678400000,0.0,185.206897,2026-07-22 00:00:00+00:00,2026-07-22,2026-07-21 20:00:00+00:00,4.0,2026-07-21 20:00:00+00:00,0.0,off,False
SAMSUNGUSDT,KR_EQUITY,1784692800000,0.00023541,183.48,2026-07-22 04:00:00+00:00,2026-07-22,2026-07-22 00:00:00+00:00,4.0,2026-07-22 00:00:00+00:00,4.0,session,False
SAMSUNGUSDT,KR_EQUITY,1784707200001,0.00021086,176.74595404,2026-07-22 08:00:00+00:00,2026-07-22,2026-07-22 04:00:00+00:00,4.0,2026-07-22 04:00:00+00:00,2.5,session,False
SKHYNIXUSDT,KR_EQUITY,1784462400001,-0.00014976,1182.19,2026-07-19 12:00:00+00:00,2026-07-19,2026-07-19 08:00:00+00:00,4.0,2026-07-19 08:00:00+00:00,0.0,off,True
SKHYNIXUSDT,KR_EQUITY,1784476800001,0.0,1183.25761432,2026-07-19 16:00:00+00:00,2026-07-19,2026-07-19 12:00:00+00:00,4.0,2026-07-19 12:00:00+00:00,0.0,off,True
SKHYNIXUSDT,KR_EQUITY,1784491200001,0.00020692,1193.54169532,2026-07-19 20:00:00+00:00,2026-07-19,2026-07-19 16:00:00+00:00,4.0,2026-07-19 16:00:00+00:00,0.0,off,True
SKHYNIXUSDT,KR_EQUITY,1784505600002,-0.00031583,1174.85706611,2026-07-20 00:00:00+00:00,2026-07-20,2026-07-19 20:00:00+00:00,4.0,2026-07-19 20:00:00+00:00,0.0,off,True
SKHYNIXUSDT,KR_EQUITY,1784520000001,0.00166537,1209.39,2026-07-20 04:00:00+00:00,2026-07-20,2026-07-20 00:00:00+00:00,4.0,2026-07-20 00:00:00+00:00,4.0,session,False
SKHYNIXUSDT,KR_EQUITY,1784534400001,0.00052817,1206.43270265,2026-07-20 08:00:00+00:00,2026-07-20,2026-07-20 04:00:00+00:00,4.0,2026-07-20 04:00:00+00:00,2.5,session,False
SKHYNIXUSDT,KR_EQUITY,1784548800001,0.00060173,1243.21,2026-07-20 12:00:00+00:00,2026-07-20,2026-07-20 08:00:00+00:00,4.0,2026-07-20 08:00:00+00:00,0.0,off,False
SKHYNIXUSDT,KR_EQUITY,1784563200001,-0.00016124,1227.44,2026-07-20 16:00:00+00:00,2026-07-20,2026-07-20 12:00:00+00:00,4.0,2026-07-20 12:00:00+00:00,0.0,off,False
SKHYNIXUSDT,KR_EQUITY,1784577600001,-0.00055024,1196.97,2026-07-20 20:00:00+00:00,2026-07-20,2026-07-20 16:00:00+00:00,4.0,2026-07-20 16:00:00+00:00,0.0,off,False
SKHYNIXUSDT,KR_EQUITY,1784592000001,0.00015674,1202.73369876,2026-07-21 00:00:00+00:00,2026-07-21,2026-07-20 20:00:00+00:00,4.0,2026-07-20 20:00:00+00:00,0.0,off,False
SKHYNIXUSDT,KR_EQUITY,1784606400002,0.00119891,1274.4,2026-07-21 04:00:00+00:00,2026-07-21,2026-07-21 00:00:00+00:00,4.0,2026-07-21 00:00:00+00:00,4.0,session,False
SKHYNIXUSDT,KR_EQUITY,1784620800001,0.00022498,1261.76025821,2026-07-21 08:00:00+00:00,2026-07-21,2026-07-21 04:00:00+00:00,4.0,2026-07-21 04:00:00+00:00,2.5,session,False
SKHYNIXUSDT,KR_EQUITY,1784635200001,0.0,1262.86,2026-07-21 12:00:00+00:00,2026-07-21,2026-07-21 08:00:00+00:00,4.0,2026-07-21 08:00:00+00:00,0.0,off,False
SKHYNIXUSDT,KR_EQUITY,1784649600000,0.00068707,1290.64,2026-07-21 16:00:00+00:00,2026-07-21,2026-07-21 12:00:00+00:00,4.0,2026-07-21 12:00:00+00:00,0.0,off,False
SKHYNIXUSDT,KR_EQUITY,1784664000001,0.00010694,1323.28,2026-07-21 20:00:00+00:00,2026-07-21,2026-07-21 16:00:00+00:00,4.0,2026-07-21 16:00:00+00:00,0.0,off,False
SKHYNIXUSDT,KR_EQUITY,1784678400000,0.0,1336.81,2026-07-22 00:00:00+00:00,2026-07-22,2026-07-21 20:00:00+00:00,4.0,2026-07-21 20:00:00+00:00,0.0,off,False
SKHYNIXUSDT,KR_EQUITY,1784692800000,0.00034064,1314.02,2026-07-22 04:00:00+00:00,2026-07-22,2026-07-22 00:00:00+00:00,4.0,2026-07-22 00:00:00+00:00,4.0,session,False
SKHYNIXUSDT,KR_EQUITY,1784707200001,0.00068087,1250.28121741,2026-07-22 08:00:00+00:00,2026-07-22,2026-07-22 04:00:00+00:00,4.0,2026-07-22 04:00:00+00:00,2.5,session,False
SOFIUSDT,EQUITY,1784649600000,0.0,17.45,2026-07-21 16:00:00+00:00,2026-07-21,,8.0,2026-07-21 08:00:00+00:00,2.5,session,False
SOFIUSDT,EQUITY,1784678400000,0.00116832,17.75,2026-07-22 00:00:00+00:00,2026-07-22,2026-07-21 16:00:00+00:00,8.0,2026-07-21 16:00:00+00:00,4.0,session,False
SOFIUSDT,EQUITY,1784707200001,0.00038694,17.55,2026-07-22 08:00:00+00:00,2026-07-22,2026-07-22 00:00:00+00:00,8.0,2026-07-22 00:00:00+00:00,0.0,off,False
SOXLUSDT,EQUITY,1784476800001,-0.00096967,131.18,2026-07-19 16:00:00+00:00,2026-07-19,2026-07-19 08:00:00+00:00,8.0,2026-07-19 08:00:00+00:00,0.0,off,True
SOXLUSDT,EQUITY,1784505600002,0.00278615,134.98190495,2026-07-20 00:00:00+00:00,2026-07-20,2026-07-19 16:00:00+00:00,8.0,2026-07-19 16:00:00+00:00,0.0,off,True
SOXLUSDT,EQUITY,1784534400001,2.72e-05,138.51041218,2026-07-20 08:00:00+00:00,2026-07-20,2026-07-20 00:00:00+00:00,8.0,2026-07-20 00:00:00+00:00,0.0,off,False
SOXLUSDT,EQUITY,1784563200001,0.0,144.52,2026-07-20 16:00:00+00:00,2026-07-20,2026-07-20 08:00:00+00:00,8.0,2026-07-20 08:00:00+00:00,2.5,session,False
SOXLUSDT,EQUITY,1784592000001,7.94e-05,137.0161804,2026-07-21 00:00:00+00:00,2026-07-21,2026-07-20 16:00:00+00:00,8.0,2026-07-20 16:00:00+00:00,4.0,session,False
SOXLUSDT,EQUITY,1784620800001,0.0,150.73928983,2026-07-21 08:00:00+00:00,2026-07-21,2026-07-21 00:00:00+00:00,8.0,2026-07-21 00:00:00+00:00,0.0,off,False
SOXLUSDT,EQUITY,1784649600000,0.0,156.14,2026-07-21 16:00:00+00:00,2026-07-21,2026-07-21 08:00:00+00:00,8.0,2026-07-21 08:00:00+00:00,2.5,session,False
SOXLUSDT,EQUITY,1784678400000,0.0,159.62486891,2026-07-22 00:00:00+00:00,2026-07-22,2026-07-21 16:00:00+00:00,8.0,2026-07-21 16:00:00+00:00,4.0,session,False
SOXLUSDT,EQUITY,1784707200001,0.0,147.54822008,2026-07-22 08:00:00+00:00,2026-07-22,2026-07-22 00:00:00+00:00,8.0,2026-07-22 00:00:00+00:00,0.0,off,False
