pair,window_d,z_in,fees,trades,win%,net_med,net_total,fund_total,worst,hold_med_d,sharpe_tr
AMAT/LRCX,5,2.0,taker,74,41.891891891891895,-19.82487855085318,-400.853884100011,8.6674,-761.0894783428955,0.003472222222222222,-0.0353428813845295
AMAT/LRCX,5,2.0,maker,74,48.64864864864865,-3.824878550853181,783.146115899989,8.6674,-745.0894783428955,0.003472222222222222,0.06904920066610261
AMAT/LRCX,5,2.5,taker,67,35.82089552238806,-22.955516971009303,-765.4860076171503,7.684900000000002,-761.0894783428955,0.003472222222222222,-0.07210110802668326
AMAT/LRCX,5,2.5,maker,67,43.28358208955223,-6.955516971009301,306.5139923828495,7.684900000000002,-745.0894783428955,0.003472222222222222,0.028870545322284818
AMAT/LRCX,10,2.0,taker,28,46.42857142857143,-10.652384887386614,591.3523740467461,7.812800000000001,-749.0783871814956,0.005208333333333333,0.09097793853979727
AMAT/LRCX,10,2.0,maker,28,57.14285714285714,5.347615112613386,1039.352374046746,7.812800000000001,-733.0783871814956,0.005208333333333333,0.1599015080638578
AMAT/LRCX,10,2.5,taker,24,37.5,-19.21194393861157,-70.09045946295669,6.3086,-749.0783871814956,0.003472222222222222,-0.012090963767810433
AMAT/LRCX,10,2.5,maker,24,50.0,-3.2119439386115696,313.9095405370433,6.3086,-733.0783871814956,0.003472222222222222,0.05415100585849839
KLAC/LRCX,5,2.0,taker,40,50.0,3.4151722392125308,849.6625713924418,-2.4316000000000013,-816.3525099781948,0.06770833333333334,0.11102167471678075
KLAC/LRCX,5,2.0,maker,40,65.0,19.41517223921253,1489.6625713924416,-2.4316000000000013,-800.3525099781948,0.06770833333333334,0.19464766250425658
KLAC/LRCX,5,2.5,taker,30,40.0,-8.737150128890029,-196.13127510087756,-4.575800000000002,-816.3525099781948,0.020833333333333336,-0.03237020038880272
KLAC/LRCX,5,2.5,maker,30,60.0,7.262849871109972,283.8687248991224,-4.575800000000002,-800.3525099781948,0.020833333333333336,0.04685069989155132
KLAC/LRCX,10,2.0,taker,23,43.47826086956522,-14.95760608938312,-472.5734200053048,-3.2641999999999998,-751.3422733064178,0.006944444444444444,-0.0851270698387857
KLAC/LRCX,10,2.0,maker,23,56.52173913043478,1.0423939106168811,-104.57342000530488,-3.2641999999999998,-735.3422733064178,0.006944444444444444,-0.01883734558742709
KLAC/LRCX,10,2.5,taker,21,38.095238095238095,-15.128038119733784,-695.1251065918461,-5.731,-751.3422733064178,0.003472222222222222,-0.13695842309764858
KLAC/LRCX,10,2.5,maker,21,52.38095238095239,0.871961880266217,-359.1251065918463,-5.731,-735.3422733064178,0.003472222222222222,-0.07075734688212623
AMAT/KLAC,5,2.0,taker,104,26.923076923076923,-21.860945914870342,-1325.8260656597845,1.7676999999999996,-283.5560718702608,0.003472222222222222,-0.13018740508156637
AMAT/KLAC,5,2.0,maker,104,37.5,-5.860945914870345,338.17393434021585,1.7676999999999996,-267.5560718702608,0.003472222222222222,0.03320645755751348
AMAT/KLAC,5,2.5,taker,98,25.510204081632654,-21.860945914870342,-1162.1303508491499,4.0555,-207.53044895873003,0.003472222222222222,-0.12407085493714283
AMAT/KLAC,5,2.5,maker,98,37.755102040816325,-5.860945914870345,405.86964915084985,4.0555,-191.53044895873003,0.003472222222222222,0.04333127891065697
AMAT/KLAC,10,2.0,taker,29,13.793103448275861,-20.381781392021033,-374.0047670611865,6.451100000000001,-497.75444533207303,0.003472222222222222,-0.0927558008197168
AMAT/KLAC,10,2.0,maker,29,44.827586206896555,-4.381781392021032,89.99523293881337,6.451100000000001,-481.75444533207303,0.003472222222222222,0.022319447869045318
AMAT/KLAC,10,2.5,taker,35,17.142857142857142,-19.684156872480216,-389.3285577908691,-3.2317,-427.26975055516107,0.003472222222222222,-0.06092939906830806
AMAT/KLAC,10,2.5,maker,35,42.857142857142854,-3.6841568724802176,170.67144220913096,-3.2317,-411.26975055516107,0.003472222222222222,0.0267098526522929
TSM/EWT,5,2.0,taker,46,65.21739130434783,70.70793885357227,2523.23645390813,-3.9274,-258.32554103891493,0.2152777777777778,0.4567828011872476
TSM/EWT,5,2.0,maker,46,69.56521739130434,86.70793885357227,3259.23645390813,-3.9274,-242.3255410389149,0.2152777777777778,0.5900212621143245
TSM/EWT,5,2.5,taker,34,58.82352941176471,63.37059247907217,2060.09328689867,7.3286,-188.18821569903247,0.3506944444444444,0.48498298593612993
TSM/EWT,5,2.5,maker,34,61.76470588235294,79.37059247907217,2604.09328689867,7.3286,-172.18821569903247,0.3506944444444444,0.6130503632860334
TSM/EWT,10,2.0,taker,39,51.28205128205128,112.46655792129476,3155.6824415395267,-3.0563999999999982,-187.386758543953,0.0625,0.6401679049589605
TSM/EWT,10,2.0,maker,39,69.23076923076923,128.46655792129476,3779.6824415395267,-3.0563999999999982,-171.386758543953,0.0625,0.7667537639909324
TSM/EWT,10,2.5,taker,26,26.923076923076923,-13.635499011390332,954.499183731466,-3.9659000000000004,-152.94752978116745,0.003472222222222222,0.2935067616923793
TSM/EWT,10,2.5,maker,26,53.84615384615385,2.364500988609668,1370.4991837314662,-3.9659000000000004,-136.94752978116745,0.003472222222222222,0.42142600452159107
EWY/SAMSUNG,5,2.0,taker,35,77.14285714285715,147.86163810991226,3451.168697354041,-47.74369999999999,-484.99737775680507,0.6493055555555556,0.3967494194146717
EWY/SAMSUNG,5,2.0,maker,35,77.14285714285715,163.86163810991226,4011.1686973540404,-47.74369999999999,-468.99737775680507,0.6493055555555556,0.46112751691032805
EWY/SAMSUNG,5,2.5,taker,21,61.904761904761905,109.55606410086563,1822.862262310373,-150.0402,-454.21162207596393,0.3958333333333333,0.3109575525979163
EWY/SAMSUNG,5,2.5,maker,21,66.66666666666666,125.55606410086563,2158.862262310373,-150.0402,-438.21162207596393,0.3958333333333333,0.3682749593121654
EWY/SAMSUNG,10,2.0,taker,22,81.81818181818183,234.69279169346595,4258.001097030692,-62.57919999999999,-305.59321923004285,0.5086805555555556,1.0437021007936576
EWY/SAMSUNG,10,2.0,maker,22,81.81818181818183,250.69279169346595,4610.001097030691,-62.57919999999999,-289.59321923004285,0.5086805555555556,1.1299827595129706
EWY/SAMSUNG,10,2.5,taker,13,76.92307692307693,284.51071557145934,2994.535852053621,-64.9564,-248.9117273206684,0.6631944444444444,0.9584801127126156
EWY/SAMSUNG,10,2.5,maker,13,76.92307692307693,300.51071557145934,3202.5358520536215,-64.9564,-232.9117273206684,0.6631944444444444,1.025055994015724
MU/DRAM,5,2.0,taker,114,32.45614035087719,-20.115569330296452,693.9856637958441,-11.885300000000004,-540.4551519891737,0.006944444444444444,0.048947186150790765
MU/DRAM,5,2.0,maker,114,44.73684210526316,-4.115569330296456,2517.9856637958433,-11.885300000000004,-524.4551519891737,0.006944444444444444,0.17759489776303888
MU/DRAM,5,2.5,taker,100,23.0,-25.2600295354474,-643.461969380925,-12.684100000000003,-492.9013177136217,0.003472222222222222,-0.0550035997991259
MU/DRAM,5,2.5,maker,100,37.0,-9.260029535447401,956.538030619075,-12.684100000000003,-476.9013177136217,0.003472222222222222,0.08176557051139272
MU/DRAM,10,2.0,taker,16,87.5,190.5020214240296,2716.274835493167,-11.12760000000001,-137.10367496361775,2.060763888888889,1.2560419940837055
MU/DRAM,10,2.0,maker,16,87.5,206.5020214240296,2972.274835493167,-11.12760000000001,-121.10367496361775,2.060763888888889,1.374419835045829
MU/DRAM,10,2.5,taker,8,87.5,190.37352436880158,1555.106050514401,-9.654700000000005,-70.81561933852345,1.5364583333333335,1.1110676380159468
MU/DRAM,10,2.5,maker,8,87.5,206.37352436880158,1683.106050514401,-9.654700000000005,-54.81561933852345,1.5364583333333335,1.2025190587206624
DRAM/SKHYNIX,5,2.0,taker,91,40.65934065934066,-15.39977151896252,1110.7686675801078,-441.9236,-487.9312542646494,0.006944444444444444,0.08985133205022326
DRAM/SKHYNIX,5,2.0,maker,91,50.54945054945055,0.6002284810374787,2566.7686675801074,-441.9236,-471.9312542646494,0.006944444444444444,0.20762881649271642
DRAM/SKHYNIX,5,2.5,taker,81,34.5679012345679,-21.642661969644053,824.8787310876793,-350.95709999999997,-435.3099723079955,0.006944444444444444,0.07125473749480132
DRAM/SKHYNIX,5,2.5,maker,81,44.44444444444444,-5.642661969644054,2120.878731087679,-350.95709999999997,-419.3099723079955,0.006944444444444444,0.18320590839175915
DRAM/SKHYNIX,10,2.0,taker,22,50.0,3.3835793378230434,1230.194021575391,-383.2296,-469.1658739815936,0.5364583333333333,0.22801475293920126
DRAM/SKHYNIX,10,2.0,maker,22,59.09090909090909,19.383579337823043,1582.194021575391,-383.2296,-453.1658739815936,0.5364583333333333,0.29325746394816554
DRAM/SKHYNIX,10,2.5,taker,16,31.25,-27.33447822753451,316.55045077247183,-342.6907,-469.1658739815936,0.05381944444444444,0.07887859208246588
DRAM/SKHYNIX,10,2.5,maker,16,50.0,-11.334478227534511,572.5504507724718,-342.6907,-453.1658739815936,0.05381944444444444,0.14266911749108516
MU/SKHYNIX,5,2.0,taker,111,42.34234234234234,-16.08424540575619,1472.0684258895621,-585.6478999999999,-617.5306416699179,0.003472222222222222,0.06866898975043438
MU/SKHYNIX,5,2.0,maker,111,49.549549549549546,-0.08424540575618744,3248.0684258895626,-585.6478999999999,-601.5306416699179,0.003472222222222222,0.15151576755770524
MU/SKHYNIX,5,2.5,taker,99,35.35353535353536,-24.133416767616126,-954.3667985833386,-300.36949999999996,-568.7807081290898,0.003472222222222222,-0.054934551709311476
MU/SKHYNIX,5,2.5,maker,99,43.43434343434344,-8.133416767616126,629.6332014166614,-300.36949999999996,-552.7807081290898,0.003472222222222222,0.036242477957601035
MU/SKHYNIX,10,2.0,taker,91,30.76923076923077,-18.245769769596457,2220.6541501496527,-239.42819999999998,-394.0673406895326,0.003472222222222222,0.13565230373353004
MU/SKHYNIX,10,2.0,maker,91,47.25274725274725,-2.245769769596456,3676.654150149653,-239.42819999999998,-378.0673406895326,0.003472222222222222,0.22459445360531868
MU/SKHYNIX,10,2.5,taker,84,26.190476190476193,-23.003721270411,-178.95393959163755,-152.8247,-279.89416331457846,0.003472222222222222,-0.015731072345738537
MU/SKHYNIX,10,2.5,maker,84,44.047619047619044,-7.003721270410996,1165.0460604083628,-152.8247,-263.89416331457846,0.003472222222222222,0.10241419610109584
SAMSUNG/SKHYNIX,5,2.0,taker,90,30.0,-27.078037183195512,-209.96315335397802,7.9441000000000095,-1287.0315936615548,0.003472222222222222,-0.01127818509563718
SAMSUNG/SKHYNIX,5,2.0,maker,90,40.0,-11.078037183195512,1230.0368466460218,7.9441000000000095,-1271.0315936615548,0.003472222222222222,0.06607151306943773
SAMSUNG/SKHYNIX,5,2.5,taker,82,24.390243902439025,-28.901545380013836,-1897.2382516303217,9.729599999999984,-1199.5252475652785,0.003472222222222222,-0.12803361425406318
SAMSUNG/SKHYNIX,5,2.5,maker,82,35.36585365853659,-12.901545380013836,-585.2382516303219,9.729599999999984,-1183.5252475652785,0.003472222222222222,-0.03949433788380058
SAMSUNG/SKHYNIX,10,2.0,taker,88,25.0,-24.91656936600598,-2504.478471381839,-44.82799999999999,-758.9181311380171,0.003472222222222222,-0.18311676302654697
SAMSUNG/SKHYNIX,10,2.0,maker,88,39.77272727272727,-8.91656936600598,-1096.4784713818387,-44.82799999999999,-742.9181311380171,0.003472222222222222,-0.08016982006515587
SAMSUNG/SKHYNIX,10,2.5,taker,87,24.137931034482758,-26.002393603459744,-1712.971786382734,-69.01010000000002,-604.036427774083,0.003472222222222222,-0.12750398964186224
SAMSUNG/SKHYNIX,10,2.5,maker,87,39.08045977011494,-10.002393603459742,-320.9717863827345,-69.01010000000002,-588.036427774083,0.003472222222222222,-0.02389133531072074
COHR/LITE,5,2.0,taker,108,32.407407407407405,-19.03392848620401,-1179.5147347069137,-12.239699999999997,-826.7651918118224,0.003472222222222222,-0.05861497762613921
COHR/LITE,5,2.0,maker,108,48.148148148148145,-3.0339284862040117,548.4852652930865,-12.239699999999997,-810.7651918118224,0.003472222222222222,0.027256506940890234
COHR/LITE,5,2.5,taker,99,26.262626262626267,-21.902276365860367,-1594.809997551246,-29.2271,-776.7846608769734,0.003472222222222222,-0.08753911257062823
COHR/LITE,5,2.5,maker,99,43.43434343434344,-5.902276365860367,-10.809997551245715,-29.2271,-760.7846608769734,0.003472222222222222,-0.0005933607100405118
COHR/LITE,10,2.0,taker,113,23.893805309734514,-18.08801662165957,-359.3936596826194,32.8772,-915.6954503594523,0.003472222222222222,-0.017189304463883694
COHR/LITE,10,2.0,maker,113,46.017699115044245,-2.0880166216595706,1448.6063403173807,32.8772,-899.6954503594523,0.003472222222222222,0.06928484897039486
COHR/LITE,10,2.5,taker,102,15.686274509803921,-20.246719553660057,-2960.6926200556827,27.1346,-915.6954503594523,0.003472222222222222,-0.17899592916038312
COHR/LITE,10,2.5,maker,102,40.19607843137255,-4.246719553660057,-1328.6926200556827,27.1346,-899.6954503594523,0.003472222222222222,-0.08032936904167305
AAOI/LITE,5,2.0,taker,45,53.333333333333336,6.1733394258053345,1084.309954052036,-28.3103,-1071.9971990357224,0.034722222222222224,0.0760938021695589
AAOI/LITE,5,2.0,maker,45,53.333333333333336,22.173339425805334,1804.309954052036,-28.3103,-1055.9971990357224,0.034722222222222224,0.1266213633685896
AAOI/LITE,5,2.5,taker,37,43.24324324324324,-31.798781507869464,18.942207456611186,-37.241899999999994,-997.5190592971835,0.013888888888888888,0.0015420451049608962
AAOI/LITE,5,2.5,maker,37,43.24324324324324,-15.798781507869466,610.942207456611,-37.241899999999994,-981.5190592971835,0.013888888888888888,0.04973551485910163
AAOI/LITE,10,2.0,taker,51,31.372549019607842,-25.61199786434633,-197.18215969087623,-15.116599999999998,-943.9124487011607,0.003472222222222222,-0.011812870919979474
AAOI/LITE,10,2.0,maker,51,41.17647058823529,-9.611997864346328,618.8178403091242,-15.116599999999998,-927.9124487011607,0.003472222222222222,0.037072396823384604
AAOI/LITE,10,2.5,taker,47,25.53191489361702,-29.892444556599877,-1613.7014463016926,-26.6124,-806.4718796047974,0.003472222222222222,-0.12498649084481585
AAOI/LITE,10,2.5,maker,47,36.17021276595745,-13.892444556599875,-861.7014463016927,-26.6124,-790.4718796047974,0.003472222222222222,-0.06674161455080932
AAOI/COHR,5,2.0,taker,42,57.14285714285714,73.57448805563237,2258.0063687665356,-36.6943,-1496.7535386203187,0.109375,0.1535259789442614
AAOI/COHR,5,2.0,maker,42,61.904761904761905,89.57448805563237,2930.0063687665356,-36.6943,-1480.7535386203187,0.109375,0.19921648685319227
AAOI/COHR,5,2.5,taker,37,51.35135135135135,12.753977479463082,2573.649159997296,-37.1984,-1496.7535386203187,0.041666666666666664,0.18017084415062068
AAOI/COHR,5,2.5,maker,37,56.75675675675676,28.75397747946308,3165.649159997296,-37.1984,-1480.7535386203187,0.041666666666666664,0.22161438719254775
AAOI/COHR,10,2.0,taker,58,29.310344827586203,-18.682407376834902,64.19520124696635,-47.1558,-1362.7262970010759,0.003472222222222222,0.003734908981316832
AAOI/COHR,10,2.0,maker,58,44.827586206896555,-2.6824073768348997,992.1952012469662,-47.1558,-1346.7262970010759,0.003472222222222222,0.05772641406793436
AAOI/COHR,10,2.5,taker,54,24.074074074074073,-21.493164392597503,-1241.35987867815,-31.260200000000005,-1201.9503199647083,0.003472222222222222,-0.08584744138279901
AAOI/COHR,10,2.5,maker,54,40.74074074074074,-5.493164392597503,-377.359878678149,-31.260200000000005,-1185.9503199647083,0.003472222222222222,-0.026096686884659468
WDC/STXX,5,2.0,taker,82,45.1219512195122,-7.121139054035954,381.53607006637606,-170.2707,-845.2380811981993,0.003472222222222222,0.026571973749359726
WDC/STXX,5,2.0,maker,82,62.19512195121951,8.878860945964046,1693.5360700663762,-170.2707,-829.2380811981993,0.003472222222222222,0.11794584975823857
WDC/STXX,5,2.5,taker,73,38.35616438356164,-11.108243496830623,99.67596614870776,-165.52640000000002,-845.2380811981993,0.003472222222222222,0.007821159562682128
WDC/STXX,5,2.5,maker,73,57.534246575342465,4.891756503169377,1267.675966148708,-165.52640000000002,-829.2380811981993,0.003472222222222222,0.0994692741702089
WDC/STXX,10,2.0,taker,19,73.68421052631578,119.6826439691281,1030.1810405121937,-130.6226,-977.295571178659,0.5729166666666666,0.175722964858637
WDC/STXX,10,2.0,maker,19,73.68421052631578,135.6826439691281,1334.1810405121937,-130.6226,-961.295571178659,0.5729166666666666,0.22757771583567496
WDC/STXX,10,2.5,taker,14,64.28571428571429,121.94524366252207,628.5305672667644,-60.73170000000001,-977.295571178659,0.28125,0.124635161540668
WDC/STXX,10,2.5,maker,14,64.28571428571429,137.94524366252207,852.5305672667644,-60.73170000000001,-961.295571178659,0.28125,0.16905348841141254
WDC/SNDK,5,2.0,taker,58,32.758620689655174,-24.663677343173504,-4415.770850646695,-98.30069999999999,-1463.5033011425603,0.027777777777777776,-0.20702346779102399
WDC/SNDK,5,2.0,maker,58,43.103448275862064,-8.663677343173502,-3487.7708506466947,-98.30069999999999,-1447.5033011425603,0.027777777777777776,-0.1635162785350565
WDC/SNDK,5,2.5,taker,53,28.30188679245283,-27.99870636786147,-4460.942607155112,-103.9607,-1273.2488038884112,0.020833333333333332,-0.25422189098830134
WDC/SNDK,5,2.5,maker,53,39.62264150943396,-11.99870636786147,-3612.94260715511,-103.9607,-1257.2488038884112,0.020833333333333332,-0.20589574502706412
WDC/SNDK,10,2.0,taker,104,25.961538461538463,-24.031735287025864,-3552.8507472350066,-81.4083,-491.27916312366324,0.003472222222222222,-0.3297762816573445
WDC/SNDK,10,2.0,maker,104,43.269230769230774,-8.031735287025864,-1888.8507472350068,-81.4083,-475.27916312366324,0.003472222222222222,-0.17532348537681341
WDC/SNDK,10,2.5,taker,103,26.21359223300971,-22.953441446726522,-2707.945563923357,-59.020300000000006,-491.27916312366324,0.003472222222222222,-0.22368460401911397
WDC/SNDK,10,2.5,maker,103,43.689320388349515,-6.953441446726522,-1059.945563923357,-59.020300000000006,-475.27916312366324,0.003472222222222222,-0.0875547525425526
MU/SNDK,5,2.0,taker,112,27.67857142857143,-25.70626916713284,-3472.5888030432598,-174.6116,-975.2187558309382,0.003472222222222222,-0.1414965212516914
MU/SNDK,5,2.0,maker,112,40.17857142857143,-9.706269167132842,-1680.58880304326,-174.6116,-959.2187558309382,0.003472222222222222,-0.06847844152373227
MU/SNDK,5,2.5,taker,108,26.851851851851855,-25.70626916713284,-1221.9056886252156,-147.196,-734.3430103659355,0.003472222222222222,-0.056976300891795124
MU/SNDK,5,2.5,maker,108,39.81481481481482,-9.706269167132842,506.09431137478447,-147.196,-718.3430103659355,0.003472222222222222,0.023598696718532094
MU/SNDK,10,2.0,taker,122,22.131147540983605,-22.260760471848407,-322.8847762458548,-177.08399999999997,-562.8875365322635,0.003472222222222222,-0.014878123669402159
MU/SNDK,10,2.0,maker,122,39.34426229508197,-6.260760471848409,1629.1152237541446,-177.08399999999997,-546.8875365322635,0.003472222222222222,0.07506757690013915
MU/SNDK,10,2.5,taker,115,18.26086956521739,-22.80635474289201,-1216.4948755772766,-142.7822,-548.2444268743693,0.003472222222222222,-0.07246434982807566
MU/SNDK,10,2.5,maker,115,36.52173913043478,-6.806354742892012,623.5051244227232,-142.7822,-532.2444268743693,0.003472222222222222,0.037141047087703834
CRWV/NBIS,5,2.0,taker,117,29.059829059829063,-21.956066747233812,-956.5908357825789,76.25760000000001,-1563.0376573395702,0.003472222222222222,-0.037305971183772844
CRWV/NBIS,5,2.0,maker,117,43.58974358974359,-5.956066747233812,915.4091642174214,76.25760000000001,-1547.0376573395702,0.003472222222222222,0.03569993211749587
CRWV/NBIS,5,2.5,taker,111,25.225225225225223,-24.180763124470495,-1530.0170475409973,66.9341,-1388.0607777532227,0.003472222222222222,-0.06608804771767499
CRWV/NBIS,5,2.5,maker,111,40.54054054054054,-8.180763124470495,245.98295245900266,66.9341,-1372.0607777532227,0.003472222222222222,0.010625066646134574
CRWV/NBIS,10,2.0,taker,19,68.42105263157895,206.2583721223824,2921.2055752413844,64.01740000000001,-1162.5785727397147,0.9166666666666666,0.29025516970106
CRWV/NBIS,10,2.0,maker,19,68.42105263157895,222.2583721223824,3225.205575241384,64.01740000000001,-1146.5785727397147,0.9166666666666666,0.32046104508928247
CRWV/NBIS,10,2.5,taker,14,64.28571428571429,153.19419411292756,3500.3507991379524,72.96610000000001,-894.4439112401392,0.8958333333333333,0.4124621762374736
CRWV/NBIS,10,2.5,maker,14,64.28571428571429,169.19419411292756,3724.3507991379524,72.96610000000001,-878.4439112401392,0.8958333333333333,0.4388571099966694
ASTS/RKLB,5,2.0,taker,108,41.66666666666667,-13.727005915279637,2799.5482813533763,-12.5156,-804.5109067001064,0.003472222222222222,0.14389348665261364
ASTS/RKLB,5,2.0,maker,108,51.85185185185185,2.2729940847203625,4527.548281353377,-12.5156,-788.5109067001064,0.003472222222222222,0.23271065283326386
ASTS/RKLB,5,2.5,taker,97,36.08247422680412,-17.45850932544432,1450.0027611859848,-10.9888,-804.5109067001064,0.003472222222222222,0.08219697692662291
ASTS/RKLB,5,2.5,maker,97,47.42268041237113,-1.458509325444322,3002.002761185985,-10.9888,-788.5109067001064,0.003472222222222222,0.17017591848793215
ASTS/RKLB,10,2.0,taker,66,34.84848484848485,-14.436898620117052,3783.7182687746504,16.5335,-299.13386276510687,0.003472222222222222,0.29247916526487816
ASTS/RKLB,10,2.0,maker,66,54.54545454545454,1.563101379882947,4839.71826877465,16.5335,-283.13386276510687,0.003472222222222222,0.37410733538224106
ASTS/RKLB,10,2.5,taker,60,28.333333333333332,-16.107129077074106,2187.6190795988437,13.017100000000001,-259.74567871013124,0.003472222222222222,0.20451611387268115
ASTS/RKLB,10,2.5,maker,60,50.0,-0.10712907707410513,3147.6190795988437,13.017100000000001,-243.74567871013124,0.003472222222222222,0.29426458569245384
HOOD/COIN,5,2.0,taker,514,21.78988326848249,-23.602321171464443,-8327.842702343116,90.87229999999998,-1026.194249596357,0.003472222222222222,-0.13921686897798483
HOOD/COIN,5,2.0,maker,514,39.688715953307394,-7.6023211714644425,-103.84270234311498,90.87229999999998,-1010.1942495963569,0.003472222222222222,-0.0017359424767177463
HOOD/COIN,5,2.5,taker,488,18.0327868852459,-25.40403063949034,-10579.690101810313,99.75479999999995,-1026.194249596357,0.003472222222222222,-0.19472278363603138
HOOD/COIN,5,2.5,maker,488,36.68032786885246,-9.40403063949034,-2771.6901018103117,99.75479999999995,-1010.1942495963569,0.003472222222222222,-0.051013896135633306
HOOD/COIN,10,2.0,taker,202,16.33663366336634,-23.377124073833194,-6385.714508664969,2.1835000000000377,-1778.8246762780864,0.003472222222222222,-0.1653118353800059
HOOD/COIN,10,2.0,maker,202,35.148514851485146,-7.377124073833194,-3153.714508664969,2.1835000000000377,-1762.8246762780864,0.003472222222222222,-0.08164259974111415
HOOD/COIN,10,2.5,taker,196,14.795918367346939,-23.441753075030444,-5996.84709810891,-5.518600000000021,-1778.8246762780864,0.003472222222222222,-0.1734569536912361
HOOD/COIN,10,2.5,maker,196,34.183673469387756,-7.441753075030446,-2860.8470981089094,-5.518600000000021,-1762.8246762780864,0.003472222222222222,-0.08274912041210293
MSTR/COIN,5,2.0,taker,329,26.74772036474164,-19.95726504011389,-6748.842479915935,15.79059999999999,-1518.00916212797,0.003472222222222222,-0.13400286770581069
MSTR/COIN,5,2.0,maker,329,43.161094224924014,-3.9572650401138874,-1484.8424799159345,15.79059999999999,-1502.00916212797,0.003472222222222222,-0.029482559563698878
MSTR/COIN,5,2.5,taker,313,23.322683706070286,-21.47024500682027,-6919.363086127261,13.03349999999999,-1423.0304817038648,0.003472222222222222,-0.15578372614229782
MSTR/COIN,5,2.5,maker,313,40.894568690095845,-5.470245006820271,-1911.3630861272604,13.03349999999999,-1407.0304817038648,0.003472222222222222,-0.043032756029919655
MSTR/COIN,10,2.0,taker,95,33.68421052631579,-14.702728558427834,-2971.56709844932,61.28340000000005,-2114.085053795447,0.003472222222222222,-0.12010555716106995
MSTR/COIN,10,2.0,maker,95,53.68421052631579,1.2972714415721658,-1451.5670984493206,61.28340000000005,-2098.085053795447,0.003472222222222222,-0.05866980934299327
MSTR/COIN,10,2.5,taker,86,26.744186046511626,-18.487941080913977,-3641.137067021267,24.559900000000106,-1961.6420836312047,0.003472222222222222,-0.17137834731273288
MSTR/COIN,10,2.5,maker,86,48.837209302325576,-2.487941080913979,-2265.137067021266,24.559900000000106,-1945.6420836312047,0.003472222222222222,-0.10661379668974935
ALAB/CRDO,5,2.0,taker,41,34.146341463414636,-35.71125751576291,-856.6413671153368,-6.8356,-596.8460545568842,0.024305555555555556,-0.08200108336266403
ALAB/CRDO,5,2.0,maker,41,36.58536585365854,-19.71125751576291,-200.6413671153369,-6.8356,-580.8460545568842,0.024305555555555556,-0.019206181375792043
ALAB/CRDO,5,2.5,taker,39,33.33333333333333,-33.51727560508754,-433.80763552521574,-1.1831,-396.3274270267118,0.013888888888888888,-0.05476231386267548
ALAB/CRDO,5,2.5,maker,39,38.46153846153847,-17.51727560508754,190.1923644747842,-1.1831,-380.3274270267118,0.013888888888888888,0.02400919925036011
ALAB/CRDO,10,2.0,taker,7,71.42857142857143,272.9818878363922,162.0817020732627,-3.4444000000000012,-1392.0116424226082,2.7743055555555554,0.027572636755680512
ALAB/CRDO,10,2.0,maker,7,71.42857142857143,288.9818878363922,274.0817020732627,-3.4444000000000012,-1376.0116424226082,2.7743055555555554,0.04662559138988313
ALAB/CRDO,10,2.5,taker,6,66.66666666666666,467.69941523383494,716.2973448763655,-3.4444000000000012,-1210.1441394856902,2.2847222222222223,0.13571743200918915
ALAB/CRDO,10,2.5,maker,6,66.66666666666666,483.69941523383494,812.2973448763655,-3.4444000000000012,-1194.1441394856902,2.2847222222222223,0.1539066289482494
AMD/NVDA,5,2.0,taker,142,21.830985915492956,-23.842327495177123,-4190.644179900726,-49.152699999999996,-1629.8641283571455,0.003472222222222222,-0.14990028658261492
AMD/NVDA,5,2.0,maker,142,40.845070422535215,-7.842327495177125,-1918.6441799007264,-49.152699999999996,-1613.8641283571455,0.003472222222222222,-0.06863033463843218
AMD/NVDA,5,2.5,taker,137,18.97810218978102,-24.608454862982835,-4517.102721403008,-73.75559999999999,-1629.8641283571455,0.003472222222222222,-0.17747547093728394
AMD/NVDA,5,2.5,maker,137,38.68613138686132,-8.608454862982835,-2325.102721403008,-73.75559999999999,-1613.8641283571455,0.003472222222222222,-0.09135251640467257
AMD/NVDA,10,2.0,taker,15,66.66666666666666,252.51365503150174,1003.9019728103069,-24.23309999999999,-1326.6234875656596,1.7604166666666667,0.13260503724990616
AMD/NVDA,10,2.0,maker,15,66.66666666666666,268.51365503150174,1243.901972810307,-24.23309999999999,-1310.6234875656596,1.7604166666666667,0.16430654775783604
AMD/NVDA,10,2.5,taker,11,81.81818181818183,277.972682561808,1373.5649122564237,-43.46159999999998,-1119.8791630048368,1.8958333333333333,0.23072190611787619
AMD/NVDA,10,2.5,maker,11,81.81818181818183,293.972682561808,1549.5649122564237,-43.46159999999998,-1103.8791630048368,1.8958333333333333,0.2602851652797887
QQQ/SPY,5,2.0,taker,119,17.647058823529413,-21.293873246664845,-2502.983529671716,51.636500000000005,-277.62567026879236,0.003472222222222222,-0.46792998815372805
QQQ/SPY,5,2.0,maker,119,26.89075630252101,-5.293873246664843,-598.9835296717155,51.636500000000005,-261.62567026879236,0.003472222222222222,-0.11197930494585598
QQQ/SPY,5,2.5,taker,108,14.814814814814813,-21.657240829614942,-2368.0475852823847,22.258599999999998,-251.30639218453604,0.003472222222222222,-0.5108797912058946
QQQ/SPY,5,2.5,maker,108,22.22222222222222,-5.657240829614942,-640.0475852823845,22.258599999999998,-235.30639218453604,0.003472222222222222,-0.13808311064488554
QQQ/SPY,10,2.0,taker,61,22.950819672131146,-20.31905041878634,-1083.2622282194327,74.5149,-187.96857546712957,0.003472222222222222,-0.3297380972566167
QQQ/SPY,10,2.0,maker,61,36.0655737704918,-4.319050418786339,-107.26222821943261,74.5149,-171.96857546712957,0.003472222222222222,-0.03264993657049789
QQQ/SPY,10,2.5,taker,56,17.857142857142858,-20.46231191633991,-932.1903314566239,53.663500000000006,-145.28348560149408,0.003472222222222222,-0.3263542016122923
QQQ/SPY,10,2.5,maker,56,32.142857142857146,-4.4623119163399085,-36.19033145662402,53.663500000000006,-129.28348560149408,0.003472222222222222,-0.012670016336851844
