a,b,corr,n,halflife_h,spread_std_bps
SNDK,SNXX,0.9954726902765826,208,163.26976691661633,669.1384124014342
MRVL,MVLL,0.9953013901597136,268,164.1615972059178,1108.9481568807475
INTC,INTW,0.9947137338664753,208,79.57575499461119,196.76892911106285
QQQ,TQQQ,0.987959188014756,268,149.10947865932562,566.9533101997451
MVLL,SOXL,0.9244095610010146,268,168.85348424883594,605.4497640672475
DRAM,MU,0.9166409750648741,499,172.3251647316054,252.50192610620522
DRAM,EWY,0.9152994043474998,499,183.03642074543075,607.783473522143
QQQ,SPY,0.8940915489711267,499,403.4354190606899,137.49802462895897
EWY,SAMSUNG,0.8865051688416489,433,67.17453548766048,228.84581060424975
COHR,LITE,0.8802496596301894,472,336.1909986627182,826.2678139389358
AMAT,LRCX,0.878270500899417,310,38.69569927874351,215.7502817119437
MU,SNXX,0.8773351276866528,208,176.54080488495597,1094.5445416177731
DRAM,SAMSUNG,0.876204798680157,433,101.14916186196872,272.5333189889492
DRAM,SKHYNIX,0.8684302550948153,433,126.8432026615227,396.50963374458956
LRCX,SOXL,0.8665378087371629,310,110.01239230872282,897.7632494486114
DRAM,SKHY,0.8651048817159863,202,33.62241804933804,121.09022376315009
ALAB,MVLL,0.861323721047792,268,127.72215663451959,1278.2590737444
SOXL,TQQQ,0.8612273816780093,268,123.3160250848717,858.4100076156958
DRAM,SNXX,0.8604724121263181,208,169.50822946308048,911.4166858903576
AMD,SOXL,0.8604049631062579,499,551.3403669503867,1408.3232544336042
SKHYNIX,SKHY,0.8589558132146474,202,37.632827792708014,63.06889381986911
SAMSUNG,SKHYNIX,0.8581253994491294,433,359.5592527708122,578.9395060517535
QQQ,SOXL,0.8576211811522875,499,334.00656298255757,1555.0832377644117
CRDO,MVLL,0.8571108441791038,268,151.6770869003294,1070.7697905546142
STXX,WDC,0.8557382276249805,377,469.7232533848068,506.77952665264763
INTW,SOXL,0.855101549253396,208,25.897377420084638,252.82418646015157
EWY,SKHYNIX,0.8546104706456623,433,457.5887315097858,580.7253420545841
SPY,TQQQ,0.8539903069523946,268,149.49906094542592,694.1540356067935
MU,SOXL,0.8500244283395367,499,407.83841237187323,891.5835281321347
DRAM,SOXL,0.8431720028618075,499,252.93648662617395,833.9119882974625
INTC,MVLL,0.8362115536460683,268,141.924561565906,1356.7548773930805
INTW,MVLL,0.8319210314230088,208,50.99942533568845,244.73652580298258
KLAC,LRCX,0.8305806779920522,310,60.72490023313959,411.3790402751451
AMAT,KLAC,0.8304498191048356,310,67.65069750547015,324.0477214981394
EWY,SKHY,0.8303660975489757,202,69.73487775466963,243.42601645543314
INTW,MRVL,0.8293991739552105,208,62.49380308276176,242.55651206556809
MU,SNDK,0.8263982407141641,499,315.6010050169457,741.3675616714925
ASML,LRCX,0.8263136852761068,310,193.55261999667752,450.79177920969374
DRAM,SNDK,0.8244472502782292,499,148.75951935162078,658.2974396622252
SNXX,SOXL,0.8240505065445689,208,166.7239324957831,1158.4833504750038
ALAB,SOXL,0.8234164266350783,310,91.78488326423171,796.8954740595058
ALAB,CRDO,0.8207765776886354,310,1534.8953076105977,589.9509407114848
ASML,SOXL,0.8169025469685013,377,481.7590010123332,1246.812712444967
MVLL,TQQQ,0.8160408797701615,268,152.21556268657787,1379.2630602672555
MVLL,QQQ,0.814833398524861,268,155.24014880248612,1934.0165282035646
MRVL,TQQQ,0.8134006236379495,268,120.80390627455294,293.8662946412007
ALAB,MRVL,0.8132753736749032,310,89.7511803220239,369.2477305866483
SNXX,WDC,0.8107081339992366,208,164.12736480399096,982.8858736198409
MU,MVLL,0.8102950013411533,268,203.3707542490586,1612.3730653537245
AMAT,SOXL,0.8089178038236755,395,276.0692276417874,945.3322022836923
CRDO,SOXL,0.8082404910976101,395,445.7064866376714,509.00602980051684
ASTS,RKLB,0.8074967711034581,436,77.88560225256202,318.4898277650244
AMD,INTW,0.8072696372117607,208,77.58398598541754,305.5992607137404
AAOI,LITE,0.8068882601092707,395,204.65964042364752,1030.6558841440346
MU,SKHY,0.8068819576356816,202,56.78899372344558,303.3593609896127
INTW,MU,0.804336022060134,208,80.71953577961142,326.47558503085884
SOXL,TER,0.8034508901742249,251,277.29893885163693,1016.8759528989831
EWY,MU,0.8027724636751591,499,119.16300851591728,566.8773641026115
MVLL,SNDK,0.8015899578739215,268,146.19665024796166,1419.8632180356444
MRVL,SOXL,0.8012809886524821,499,254.60976369053293,674.3482272038951
SKHY,SNDK,0.8011137984798221,202,69.91764049085917,186.6227892182281
DRAM,MVLL,0.8009755184292816,268,174.8276836822565,1680.6192263117678
AMD,MVLL,0.7983913616532422,268,174.03972914523524,1909.6119133648767
CIEN,LITE,0.7977587747060401,310,286.0390433430088,437.88937090111875
CRWV,NBIS,0.7977132742034425,472,100.01422399856081,839.0907262491844
AMD,QQQ,0.7973096532361998,499,84.12029590560365,568.4567989673366
SKHY,SNXX,0.7952131788555158,202,120.34435327383166,702.7806284060542
DRAM,INTW,0.7949268057740846,208,70.52434761474696,454.08090121204117
KLAC,SOXL,0.7926116604545052,310,89.53529693936991,925.6744790147656
BMNR,MSTR,0.7922521674548074,377,542.9126998983539,191.98436747514612
INTC,SOXL,0.7912701859513,499,227.4430582954332,761.4758480922787
MVLL,SNXX,0.7903168444941218,208,261.15489487787977,1307.616727108638
SOXL,TSM,0.789492799478977,499,387.57454503137194,1296.6473450915564
SAMSUNG,SKHY,0.7891893060824648,202,53.797278504426295,151.6446016412002
MRVL,SNXX,0.7887084445100854,208,185.92673449883975,1276.372664762119
AAOI,COHR,0.7882842422766397,395,101.17773126938336,494.3355633450653
EWY,SOXL,0.7875013528297076,499,248.3693483541711,1154.0628956715084
LITE,MVLL,0.7861472625650503,268,264.9061148064689,1154.9657339067737
EWY,QQQ,0.7845288636188619,499,238.7324976346055,499.8062865653432
SNDK,SOXL,0.7834858867446883,499,153.323193739894,809.3582480525581
DRAM,QQQ,0.7822615692228101,499,254.28489931329622,1023.2027406645817
AMAT,ASML,0.7811051489935996,377,125.35118435363421,404.87372438198213
COIN,MSTR,0.7788639841836416,499,446.039601559923,994.7725209714004
ALAB,TQQQ,0.776932973330811,268,150.34082862515734,384.32765087947894
AMD,INTC,0.774691519900724,499,318.6251207900368,1004.7954463208924
AMD,TQQQ,0.7741436793048007,268,241.46575151935906,617.9181406112413
MRVL,TER,0.7739182433765186,251,221.55378203295066,638.387006437126
AMAT,MVLL,0.7713387516556834,268,170.68051163680553,1563.1301851087944
LRCX,MVLL,0.7708540715717352,268,166.4622626728818,1573.7375682425754
AMD,SNXX,0.7697194606561816,208,138.5030250194875,1205.6115108416145
MVLL,TER,0.7671421631884766,251,232.62216009920814,1332.4514171841604
DRAM,WDC,0.7666905466275741,472,126.74849635880867,694.6495502599189
LRCX,MRVL,0.7654179675847809,310,80.27891989446766,496.85473769510645
CRDO,INTW,0.7646881210417159,208,85.64710448840248,278.1912343023756
ASML,KLAC,0.7639500751245106,310,228.37302948273208,318.8826565886474
SNXX,STXX,0.7620072045457046,208,173.26139824523153,951.1464169847652
INTC,TQQQ,0.7608825187738354,268,111.40171163118777,203.70843958593105
INTW,QQQ,0.7604163579221829,208,67.58153746069323,373.9596850029012
LRCX,TER,0.759545933346905,251,215.73899561464003,385.7588765222119
INTW,TQQQ,0.7593085863650254,208,56.9179625270366,353.5973689426276
ARM,MVLL,0.7592154189477414,268,130.68631803698386,1179.845957907911
LRCX,SNXX,0.7582650365461655,208,155.51128432265594,1046.4904955875413
AMAT,TER,0.7578230118524933,251,237.32361962945387,312.35947445945914
MVLL,TSM,0.7574756115461401,268,157.80188110064202,1856.1460693643646
INTW,SNDK,0.7572264256285737,208,61.440339350106036,704.1815602306498
MU,SAMSUNG,0.7565180858879683,433,83.47081236779471,379.1472909916786
MU,QQQ,0.7562257431253934,499,134.50286354765112,947.7201458311685
DRAM,TQQQ,0.7555735144795502,268,113.22984542154533,468.4884811448827
AAOI,MVLL,0.755081421178977,268,223.57662274190767,454.9032518955292
FLEX,TER,0.7535361668974754,251,198.6675250548488,386.625736268843
CIEN,COHR,0.7534572544982967,310,103.03614650137843,1029.910419653766
INTW,SNXX,0.752941035019667,208,175.75791833152118,1323.349954717207
ALAB,SNXX,0.7525107830414659,208,173.6851577509091,1368.9111165422057
CRM,NOW,0.7522195164480723,425,59.42016997702093,404.21949723918806
MU,SKHYNIX,0.7517209478797041,433,210.74105645112755,524.7482546500918
LRCX,SNDK,0.7517167511889095,310,168.1931478733089,573.1761945390413
EWY,TQQQ,0.7515507048747276,268,79.34151640865272,379.26237039886803
AMD,DRAM,0.7514062785141142,499,317.1389612618145,870.5957520901526
INTC,SNXX,0.7507466790303935,208,162.6314331042063,1282.8257684588598
MU,WDC,0.7503555185488877,472,158.13234765216887,723.3510001420631
AMD,MU,0.7501512285867024,499,149.23580768733976,794.3575682643223
CRDO,MRVL,0.7468517575843923,395,161.0432131031724,510.9399048437924
SNDK,WDC,0.7457170255905162,472,223.71024835110578,1076.504804084631
COHR,MVLL,0.7434171711153393,268,185.1940952320046,698.9830787109104
COHR,SOXL,0.742438628419253,472,267.3108012689769,814.0258866092587
ALAB,INTW,0.7422514044307692,208,45.613180401485835,290.69166481600934
SNDK,TQQQ,0.7413293179926732,268,195.42886261840658,555.8117019372014
AAOI,AXTI,0.7411583556769408,395,110.82236834466843,1326.1428330671213
CRWV,IREN,0.7408979868839222,425,133.57764452230705,692.1569503334613
EWY,SNXX,0.7408376372449227,208,161.22599319938774,1022.5306255425177
INTW,TSM,0.7406423076242908,208,71.97561934434196,375.89833982503956
CRDO,SNXX,0.7390899903761697,208,215.1095129195173,1104.5208139133447
SOXL,WDC,0.7387763914143687,472,247.82720621680852,1329.1447365470221
EWT,EWY,0.7387338448299657,436,173.36121277081836,290.47157553787775
ALAB,AMD,0.7376713610206204,310,227.09625526079756,1256.7112732571368
AMAT,SNXX,0.7374157818150031,208,144.85395031602806,1189.426124609715
GLW,MVLL,0.7362965605641307,268,107.43234427310452,975.616079103366
CRDO,TQQQ,0.736045749107963,268,69.6576273353584,474.66790081356953
SKHY,SOXL,0.7347772604719921,202,70.42167874612144,349.92316934729655
DRAM,STXX,0.7331157579492975,377,158.02344351961176,410.715806545876
STXX,TER,0.7325956731726438,251,78.91311562933379,305.0547455553723
SNDK,TER,0.730823636298334,251,432.4206558391817,545.2746663473187
ARM,SOXL,0.7299034412620781,472,103.92791067443905,891.2250181090031
SOXL,STXX,0.729530115528701,377,352.0631438980896,1220.8459134742047
SOXL,TXN,0.729358430477509,251,111.1573504583684,905.8847351648349
MU,STXX,0.7292005467722742,377,89.16536869028432,426.117083554202
KLAC,MVLL,0.7284312615351579,268,155.92696172698902,1465.149070607804
DRAM,LRCX,0.7278818491950375,310,46.568993993219735,297.35788906532963
QQQ,SNXX,0.727610354185729,208,142.59695291929975,1261.5781694400557
LRCX,TQQQ,0.7272085877281048,268,72.94387552958763,314.4662318285663
ALAB,TSM,0.7270395790663072,310,210.15564120345172,914.7434028198646
EWY,SNDK,0.7269710646825568,499,279.9377404170996,1154.6215688771572
AAOI,MRVL,0.7264104126199866,395,107.56236693793335,802.7953500342256
ALAB,QQQ,0.7257151214079972,310,204.17560240257978,1016.0113494948239
SNXX,TQQQ,0.7229883134434878,208,160.28905218360038,1254.3927063813842
MVLL,WDC,0.7228426561910071,268,234.45369122216837,2665.3577101928895
TER,TQQQ,0.722203799641397,251,140.04353289565475,512.348202853522
CIEN,SOXL,0.7213997352351337,310,99.43265197640316,898.0709672563366
EWY,INTW,0.7213608850328553,208,68.91605525798472,392.74982859736707
SAMSUNG,SOXL,0.7211511025425741,433,197.89871103428894,900.8320077038612
LRCX,MU,0.7210956067638663,310,38.31804115018376,442.42248838012955
AMD,ASML,0.7205462888920033,377,58.98428562939014,459.6659354814926
AVGO,TQQQ,0.7204936854641475,268,224.02999918872513,539.1431129541512
QQQ,TER,0.7201622035289984,251,60.42395721776219,284.0284450623435
COIN,HOOD,0.7198762905692456,499,259.6528402033079,1043.2625502330407
INTC,QQQ,0.7190807683952205,499,306.09781960364444,1077.040666703719
MU,TQQQ,0.7190486108016023,268,80.15356693518707,381.18571465861254
EWY,MVLL,0.7189932711007894,268,160.21146770504504,1680.6353172733607
TQQQ,TSM,0.718102409738477,268,103.6141079252403,522.2865640790093
ASML,MVLL,0.7175300463155382,268,166.84774953086597,1776.4941354516006
AAOI,SOXL,0.7168707932221531,395,214.96979187785564,924.8127771677097
QQQ,TSM,0.7163639114214263,499,73.99757633127223,330.709431011146
COIN,CRCL,0.7160069377937434,499,382.45745620701604,929.6643369872755
SAMSUNG,SNXX,0.7150822027001691,208,172.09009960396938,799.4953964722404
AMD,SNDK,0.7150500601183044,499,478.46800328149294,1164.3049104097613
ADBE,CRM,0.7147756734541584,377,100.75951725080365,211.34778248842656
AMD,CRDO,0.7143601422720698,395,239.85685122704845,1069.7664597692901
CRDO,TER,0.7130708670491922,251,148.82522509716017,814.1683229720371
AMD,TSM,0.7125409185745697,499,69.91757523760802,474.01987724015464
LITE,SOXL,0.712518991496068,499,485.1627703561363,1500.3195180780278
SNXX,TER,0.7124815660240433,208,202.5647579190764,1109.401112848696
CIEN,MVLL,0.7116299041745747,268,154.88590271019794,1509.656773699297
AMD,EWY,0.7115779072310792,499,233.14041100700533,647.3007802277946
BE,SNXX,0.710861923042126,208,211.3897453123062,1068.7630808439003
ASML,TSM,0.7108112142378576,377,56.40965626051598,328.1488034047771
LITE,SNXX,0.7101176498560203,208,198.91991369550766,1364.4894770280644
INTC,MU,0.7095061919594883,499,110.06241345288751,501.77259211080684
LRCX,QQQ,0.709266784499551,310,148.12643764375733,506.1801910825782
SNXX,TSM,0.708855238849683,208,151.9120548373121,1177.0160406711932
ARM,INTW,0.7076943233098433,208,41.43671621327881,275.45755155597584
ALAB,INTC,0.7072074202594862,310,71.48229317085999,489.0885567071557
NBIS,SNXX,0.7071753471439873,208,219.5277899932432,623.5792071955464
EWT,TQQQ,0.706982007972826,268,75.22939927179502,381.89884652281853
INTW,SAMSUNG,0.7063634744045966,208,73.4319232198049,577.9738383829792
AXTI,COHR,0.7058510804803617,395,180.00023193298122,1471.2649035017703
DRAM,TSM,0.7053568558488604,499,242.6082936082865,754.654353885672
AMAT,INTW,0.7051462964369748,208,52.03421398145175,305.264580301935
BE,TER,0.7049811501898909,251,138.9254330562886,426.05956200782794
ASML,QQQ,0.7047923138056901,377,66.11087930817234,288.31910341398634
AMAT,TQQQ,0.7047801360446966,268,71.099149117985,297.11927836405545
INTW,SKHY,0.7043576915838959,202,71.46540568466793,469.7813574699385
MVLL,STXX,0.7038882659569989,268,211.88331872178202,2142.065886059085
CIEN,TER,0.7031741064002311,251,144.35159475365236,377.21133988931126
CRDO,QQQ,0.7030669358151701,395,113.71766000525052,943.6009171039103
BE,INTW,0.7029421716740377,208,59.333519349060836,335.0376121991484
AAOI,INTW,0.7027888614324225,208,108.65502654073376,340.8555710584301
SNDK,STXX,0.7024053889244948,377,380.2774927618708,846.5419016518395
CRDO,TSM,0.7020569538032939,395,97.69152900434553,775.6802373914687
INTW,LRCX,0.7019539127796622,208,53.16849493781306,396.60955377986517
INTC,SKHY,0.7017112845693944,202,64.90179765647788,458.2080664916556
SKHYNIX,SNXX,0.7008285101527215,208,132.75558941359898,791.2168018240246
AMD,LRCX,0.7005848147308278,310,134.22060961546612,735.598319104005
CRDO,MU,0.7002156599464819,395,134.6206483935729,685.3571467140599
DRAM,INTC,0.7002127715601671,499,76.32640003649816,468.6398069990195
EWT,QQQ,0.6991997713266525,436,61.91109418071774,239.24317309729423
ALAB,LRCX,0.6987496070980661,310,95.51174568240809,631.6136764685565
LRCX,WDC,0.6983185506537635,310,148.55499615402945,1119.1231819356105
ALAB,LITE,0.6974245566416883,310,835.4884032311784,674.3446511339803
MU,TER,0.6970895928348988,251,161.27089234445992,351.13319735710394
DRAM,EWT,0.6966264546548045,436,277.31252523818176,397.1537473016937
ASML,TQQQ,0.696054583242465,268,123.74243263865966,459.74585944508874
NVDA,QQQ,0.6960136312818195,499,193.93855717692216,379.1597544633997
IREN,NBIS,0.6955043615627361,425,121.86810977608057,734.3535623693082
SKHYNIX,SOXL,0.6951897171202309,433,114.42706057706798,1000.0915863699007
BE,MVLL,0.6942307098781145,268,101.08077709667918,1306.4643763385704
MRVL,QQQ,0.6936504156793912,499,292.2300083960851,1138.0925613766099
GEV,LRCX,0.6932649512390863,203,42.65584996156739,94.29232257864462
AMD,ARM,0.6931875834215743,472,567.4869581069258,919.1969716586619
AAOI,SNXX,0.6930769612517741,208,248.98903293249384,1287.9093990576698
LRCX,STXX,0.6929691244430615,310,124.54010786982147,639.2027463825374
CRDO,DRAM,0.6924633110931722,395,270.1640145789601,614.4350807414783
ALAB,SNDK,0.6922801558558856,310,123.72593566656774,863.023429056261
CIEN,SNXX,0.6907723402815852,208,158.40099504805966,1193.4237368790136
DELL,HPE,0.6907363715540374,395,77.66725531033566,369.0408641482081
AMAT,MRVL,0.6904965083815893,395,138.37916857051556,858.4529870497021
ALAB,TER,0.6901339304330418,251,329.2606718984284,474.593367534314
AVGO,MVLL,0.6899284807633966,268,179.83489358800344,1894.6933009682575
ASML,DRAM,0.6894521161588912,377,319.8182459331206,566.800426311673
AMD,TER,0.6893458550867541,251,316.39122224259575,290.45736058861326
SAMSUNG,TQQQ,0.6885469217411059,268,64.81574400491905,544.207241514107
CRWV,MVLL,0.6883755300472145,268,213.98177168371623,963.0236540783621
ASML,MRVL,0.6879635218028276,377,471.4024010030693,1112.4436232260966
AXTI,LITE,0.6879476254516972,395,219.6285399248132,2078.431297024336
AMAT,SNDK,0.6877002753433028,395,304.50591706278107,603.7581710635686
AVGO,TXN,0.6876825385308795,251,540.8576247855177,151.3067879650099
LITE,LRCX,0.6872859959175308,310,330.08405358147746,517.2726491744198
KLAC,MRVL,0.6872079866597723,310,106.58006630757775,708.5594706783917
INTC,MRVL,0.6871848313413865,499,184.7375755849465,525.4352711245831
SKHYNIX,SNDK,0.6868471875368858,433,42.6710323382098,568.3786724445642
LRCX,SKHY,0.6864185974562147,202,40.449909181939425,305.58769750476387
MU,TSM,0.6852766595612669,499,108.01631957305734,701.0876961007033
ONDS,USAR,0.6850969100999957,425,608.5716655305163,961.5052834627197
EWJ,TQQQ,0.6849790578017254,268,143.4325259917505,626.3512660990166
MVLL,SAMSUNG,0.6848148434825888,268,158.8241858511602,1726.805839902144
MVLL,SKHY,0.6847173704284379,202,113.73532906944679,497.93115406971606
MVLL,NBIS,0.6846183806008652,268,202.926025962313,1675.7057384007637
QCOM,SOXL,0.6845107751261192,499,170.15810035293268,1509.152307542233
MVLL,NOK,0.6841533837880905,268,114.56818107322249,1544.7854819705017
INTC,TER,0.6836880988941332,251,185.28530140086647,531.9824292730934
MRVL,SKHY,0.6835565403509489,202,114.10144263604427,463.09973901616127
ARM,QQQ,0.6834867835553519,472,452.61769002757836,683.0532168917325
AMAT,DRAM,0.6832807515113978,395,135.01713398433796,404.12346215103275
SKHY,STXX,0.6831444281058315,202,68.9988425093635,184.5605612479438
GLW,LITE,0.6829930497064644,377,589.9289713158378,718.4602141056498
INTW,LITE,0.6827977131064825,208,81.20803901601515,263.11864092502987
ARM,MU,0.682736218740566,472,213.07289635049807,723.9378278651651
SKHY,WDC,0.6826866878673145,202,78.55115974579047,300.0909126159567
ARM,TQQQ,0.6826178543233749,268,100.12746104965599,351.8027173451613
ARM,DRAM,0.6824948616763712,472,115.39686363804488,744.7839065123493
AMD,CIEN,0.6822458175863375,310,150.27965215272744,750.2791841218325
EWT,TSM,0.682238811018893,436,21.648070449392264,147.66918324014156
AAOI,MU,0.682157174823548,395,158.5444466017471,1401.9069818699709
AMD,SKHY,0.6812272373200062,202,24.48373206673229,431.16418057479797
TER,WDC,0.6810596689616912,251,748.7064300427852,871.2851548907614
DRAM,TER,0.6807005582896524,251,264.35210007827203,318.36733470375725
CIEN,FLEX,0.6806699140469543,251,33.257442828413765,253.24094941619128
INTW,TER,0.680080074323988,208,112.27860579761293,293.6709316135717
AMD,MRVL,0.6797562089652883,499,432.23232659886077,1200.7236547536734
ADBE,NOW,0.6793198596010288,377,116.03509438523982,458.72430710508354
CRDO,SNDK,0.679000700308873,395,755.7095533792549,678.9601060989863
BMNR,COIN,0.6789851755170782,377,662.7803020948763,554.544032667241
AAOI,AMD,0.6780939444825818,395,229.23157157942288,1927.0445906011473
INTW,STXX,0.6780167200685155,208,86.95967400647636,427.8776766743077
ASML,EWY,0.6774256393428005,377,166.35293231818008,442.43323109967923
QQQ,SAMSUNG,0.6772455831068094,433,175.29638734342487,584.4066068036794
LRCX,TSM,0.6769080191596543,310,125.41331213715495,387.0756791445095
EWT,SOXL,0.6765563305710892,436,327.79986527909944,1028.941935259479
SAMSUNG,SNDK,0.6762141850146173,433,159.3957647251046,806.2246405632584
CRDO,FLEX,0.6761507695545808,251,96.81168337485096,524.8665578233527
ONDS,RKLB,0.6756762246239956,425,668.3777172443673,1140.0882276904454
CAT,GEV,0.6756183953936983,203,44.215940978594496,86.53669725174571
AVGO,INTW,0.675511687396351,208,82.45932602724278,386.5326365850449
FLEX,SOXL,0.6746604805054658,251,89.08344947582563,725.9464330155067
ALAB,ASML,0.6745965870611567,310,245.15758183663763,1034.67393918998
ASML,SNXX,0.6740678328340964,208,146.3144959023006,1102.637874285331
ALAB,AMAT,0.6739338389575664,310,99.04537884284251,732.0895773654877
MVLL,SKHYNIX,0.6735053367768311,268,143.0558315872525,1761.630186376162
EWY,TSM,0.6732025097260951,499,212.1762174205926,323.8687112434262
RKLB,USAR,0.6729916738663012,499,111.33372211337773,651.8492577321314
GLW,SOXL,0.672502752649821,377,214.32897050991141,682.8914100498939
CIEN,MRVL,0.6719869039273726,310,75.18130398956565,475.4947678580128
IREN,MVLL,0.6716327683704453,268,181.85902592330828,1453.6040703069818
CRWV,SNXX,0.6711846976172255,208,255.2799755825672,807.0324290471667
NOK,SOXL,0.6711152865919326,436,102.54783814299272,941.4704539800927
MRVL,MU,0.6699792580711436,499,191.4114623258815,694.7040394538533
QQQ,SNDK,0.669496889295349,499,410.7011810812393,1487.632726280253
AMAT,SKHY,0.6688767803292254,202,36.23274903150443,417.3822475633102
LITE,TER,0.6685358933612169,251,79.09100059404798,638.1464122732061
ALAB,FLEX,0.6680303509679475,251,104.5074556766601,279.1520297642341
AMAT,MU,0.6678389005785487,395,49.60894364545002,431.7733967503131
QQQ,SKHY,0.6671847603425839,202,60.32513747687111,520.6348582230294
INTW,WDC,0.6671258394180618,208,137.16014900253202,476.1978727804795
CRDO,INTC,0.6668969956472978,395,177.15772891854192,482.5545298364616
CRDO,LRCX,0.6668205865944011,310,143.5644583402776,507.0006980031799
COHR,MRVL,0.6666157902506399,472,95.73471318960232,525.3853365616632
INTC,SNDK,0.665846176401456,499,143.35084805921107,803.9062202385159
LITE,TQQQ,0.6651343914911599,268,123.34652643669712,402.37027408734775
AMAT,AMD,0.6650220434955982,395,82.3768315955259,544.7179318110237
AMAT,CIEN,0.6644052974140905,310,46.48010018848637,227.8840407811038
NVDA,SPY,0.6632033996520835,499,110.37358999517622,347.411600886338
AAOI,LRCX,0.6631534097234624,310,118.66514075182954,1308.5900764066869
DRAM,MRVL,0.6631297592644085,499,147.980291398901,647.5783220416909
EWT,SAMSUNG,0.6623072813686521,433,168.35892562092232,472.278335590633
CIEN,CRDO,0.6622397124882731,310,57.43016459552578,489.1821822279244
ASML,MU,0.6621066611394991,377,123.13002636602253,516.3562204167814
IREN,SOXL,0.6613994725388093,425,163.53236168718828,1114.9672041080264
EWY,HYUNDAI,0.6613259233566178,433,238.84243913945218,423.4403488607041
AMD,STXX,0.6610421793789105,377,164.20115731405164,749.1374785114537
SKHY,TQQQ,0.6602612004966021,202,101.26818070147381,509.5038006840073
CIEN,GEV,0.6600989059740443,203,94.17181023953464,385.3953395152218
NVDA,TQQQ,0.6600462200783817,268,173.04711074978667,426.59723559515766
CIEN,SNDK,0.6599044454627431,310,160.14516543217275,634.6657851982659
AAOI,CIEN,0.6598008662424465,310,79.55050791874179,1273.3948339923909
ASML,TER,0.6595943066649846,251,120.17464482656644,428.50533647522207
GEV,SOXL,0.6595540104524005,203,76.73272401198007,289.3296977283584
FLEX,MVLL,0.6594226488919877,251,137.66598515843435,1026.878441806333
IWM,SPY,0.6592971473656059,395,72.47007183855446,56.703526707943254
GLW,INTW,0.6585527415923612,208,26.546151009125033,206.3317935124136
DELL,SNXX,0.6580093670040004,208,193.1219517459708,1138.747699584075
FLEX,MRVL,0.6576729249756896,251,64.26518047320242,339.4280116112057
EWJ,EWY,0.6570220612171838,499,320.7992001946043,462.39787535007673
AAOI,QQQ,0.6566367222191073,395,180.6166637520285,1669.8004298400065
INTW,SKHYNIX,0.6566231389349616,208,71.21111217903555,556.7923215360195
CRWV,INTW,0.6565811753318249,208,119.34863514605821,678.9008108124889
AXTI,MVLL,0.6559611578708087,268,314.7903780125935,977.2854259133583
ALAB,MU,0.6558211896071034,310,131.06747231269034,972.4042582159863
INTC,LRCX,0.6556349752626116,310,39.315097486175944,341.55099264706695
EWY,LRCX,0.6554678230613125,310,38.79384154870754,249.93481695367538
BE,SKHY,0.6552856165141587,202,78.5786390575737,286.3342951703981
SKHYNIX,TQQQ,0.6550801851773925,268,186.01177657288545,616.1514023411293
INTW,NBIS,0.6546540673181502,208,89.16310072746978,1028.2218213697477
AMAT,QQQ,0.6542960707888013,395,120.5513155656313,421.7266352548459
GLW,LRCX,0.653890300325477,310,102.36635140046458,743.2494854646941
LITE,MRVL,0.6536643994865984,499,240.53909945506646,1115.2324214955684
MRVL,STXX,0.6532482039863207,377,168.21379474550952,950.1031113401658
CIEN,LRCX,0.653118045205777,310,47.89155136333378,225.56601413226355
TER,TSM,0.6528319585348176,251,77.32255094233712,313.3333563295839
ASML,SNDK,0.6524016188172131,377,500.1758610129065,843.9052423535952
IREN,SNXX,0.6522417519790419,208,191.58115811900694,1213.4988629344302
GEV,SNDK,0.6519105965118651,203,97.67780827058257,358.92701092232903
AMAT,GEV,0.6518656957855864,203,45.904392810596,189.40758660303166
AMD,LITE,0.6515738136057623,499,187.1804498667698,1120.5815762781115
CIEN,STXX,0.6513688031222556,310,67.77137177804455,669.9233088211321
CRDO,LITE,0.6504699722171775,395,92.87985681881354,731.8176379705975
AAOI,TER,0.6503507126897673,251,127.97687404845195,1285.7681304398202
ALAB,DRAM,0.65021225422499,310,85.57158945222699,816.4425506213698
ALAB,CIEN,0.6496493213302056,310,110.91104919389345,622.170606606638
FLEX,STXX,0.649517918175941,251,70.2692956546351,536.1906958762831
GEV,SNXX,0.6494563002203636,203,126.34986157559453,983.4121436920141
COHR,LRCX,0.6490790720901739,310,119.21069065778657,1093.983773027472
AAOI,ALAB,0.6488564959651714,310,159.52603280304436,934.177526706402
EWY,WDC,0.6488186487643604,472,167.9110342621708,769.5179912313113
ARM,SNXX,0.6486508688109355,208,150.10082316860584,1358.9328228465963
IREN,MU,0.6486229210684714,425,201.42251221090834,1001.7093138922517
IREN,ONDS,0.6485965881999528,425,335.1973100130344,494.43961849326377
GEV,STXX,0.648526747136865,203,65.57458628033667,165.71573592365024
FLEX,VRT,0.6480173651873391,203,65.43377918376937,147.44003192084284
AMAT,CRDO,0.6478916428823625,395,116.34808415760854,646.8751291473085
EWT,SKHYNIX,0.647774078741009,433,482.33599285378773,590.3258996046537
SAMSUNG,TSM,0.6477611410635095,433,152.2830488558603,468.5339361824415
INTC,TSM,0.6474842419251561,499,253.99706012779333,797.2325113778012
AMD,COHR,0.646928251324999,472,280.0341139618827,1453.1348492322127
LITE,NOK,0.6466065759891666,436,515.9023194861203,923.1890178293054
AMAT,WDC,0.6464351183542598,395,238.6981782588015,922.2170234723984
GEV,MU,0.6460198741911851,203,45.44752215806914,127.75956604364652
COHR,NOK,0.6453877957834359,436,150.73194700038627,1117.3115722670173
SKHY,TSM,0.6453789455231527,202,63.20027473116528,435.68061037980834
COHR,CRDO,0.6452409737053562,395,71.94596808611944,836.46150896377
EWJ,QQQ,0.6445036648407207,499,113.23532183994752,108.77824349512912
AMD,SAMSUNG,0.6441359868331692,433,182.1786882136313,815.4497144376583
FLEX,LRCX,0.6440596261369221,251,19.323938114442296,175.2382202384182
AMD,WDC,0.6436727945351759,472,253.15200487535893,816.1778656296414
TSM,WDC,0.6436487624755335,472,300.9215314232179,772.9806849317409
FLEX,SNDK,0.643530960448246,251,119.12528784658652,376.0271663583645
AMD,DELL,0.6423724914192815,425,387.12133909344726,573.1981937719559
AAOI,TQQQ,0.6420998490129178,268,69.48492206018629,1166.288408493018
ARM,EWY,0.6420175308344354,472,136.67078342193525,480.9566944860323
ASTS,ONDS,0.6417677757992267,425,256.21436432915795,1222.863463020157
AMAT,LITE,0.6415258019002844,395,161.09560959263627,661.4855298278584
AAOI,DRAM,0.6411659559778282,395,140.04798392185816,1381.4346290586868
CIEN,MU,0.641148754923303,310,44.43027125441816,457.69982779136393
EWY,SPY,0.6403612081993091,499,292.6026538588683,610.9025157976833
ALAB,WDC,0.640166563329085,310,162.4426445937406,1507.5992354086131
INTW,IREN,0.6398723740984802,208,75.4085293379669,204.37966478511112
CRCL,MSTR,0.6393547141205208,499,119.82118176286424,833.4491881696166
ALAB,COHR,0.6392323528143806,310,166.01274535746265,794.3176455503759
GLW,SNXX,0.6386800848080799,208,146.5430033213262,1254.7067688528064
COHR,GLW,0.6385301690208705,377,158.12532147121635,786.6050263882964
COHR,TER,0.6384890399654725,251,116.42766399194241,1224.7962968866532
MRVL,SAMSUNG,0.6384262702227252,433,64.17222144460628,641.7347531507189
QQQ,SKHYNIX,0.6382200151068929,433,429.90815068224566,748.422236246157
EWJ,SAMSUNG,0.6382094720676124,433,203.87377365135558,543.8303856239183
SOXL,SPY,0.6381886383861882,499,345.37164105271984,1685.702449052573
CRWV,TQQQ,0.6381525615624146,268,88.89040427411746,711.6135926600738
COHR,INTW,0.6381005098973415,208,79.35117980273088,560.9818672164773
CRDO,EWY,0.6380341210779855,395,94.75097849614531,687.6044050408756
GLW,KLAC,0.6376864078749194,310,105.55812692958418,932.6606061832646
ALAB,BE,0.6375966216162251,310,43.34226908895462,366.3219095443354
MVLL,TXN,0.6369818190931648,251,147.45556592000278,1247.8727755233454
QQQ,WDC,0.6369342241189452,472,297.99146146327917,887.0321707334018
AAOI,INTC,0.6368880429366327,395,117.49111003378982,1054.0183144596922
QCOM,QQQ,0.6364929739799685,499,542.5252159594213,406.9523907998487
KLAC,SNDK,0.6357232667778335,310,105.97753716620272,603.8271823455692
EWY,INTC,0.6344576914032576,499,99.63751530861221,710.1581949278249
AMAT,COHR,0.6337174238083244,395,109.72471305519225,1185.9468691727807
COHR,MU,0.6336384210132215,472,123.33761040043485,1064.797845309155
IREN,TQQQ,0.6335470467325797,268,43.84637255096612,473.35580217161424
IREN,MRVL,0.6332723037093578,425,77.40250801109212,784.384605611295
ASML,GEV,0.6332072073100642,203,41.808446234251186,102.51229279383726
URNM,USAR,0.6328913949424253,389,336.0351753683484,934.8204822422919
INTW,KLAC,0.6324647865609981,208,49.50260677839527,365.8332900858575
AMAT,STXX,0.6322665845461549,377,138.33412806391698,667.5595368089188
DELL,INTW,0.6321992832982377,208,96.04760292986124,396.0402411601453
MRVL,TXN,0.6319460966565432,251,134.37876748713015,535.4144696409099
ALAB,ARM,0.6319273850182138,310,65.07357252393277,707.1951384190779
AVGO,SOXL,0.631856381908049,499,441.53775723079906,1759.9141892836442
INTW,QCOM,0.6316934188010414,208,58.02002640660419,326.1230022985024
NBIS,TQQQ,0.6316695162670654,268,54.26126657646519,890.4913126580695
ALAB,GLW,0.6314002772539322,310,64.53942003890775,488.7572167949083
ASML,INTW,0.6313793648051953,208,66.40236503700517,435.79963896618
BE,TQQQ,0.6313378385975156,268,70.44106514582465,493.1490979214823
AVGO,QQQ,0.6313108716854623,499,166.4507842417711,444.85543183125196
AMAT,FLEX,0.6311423675047015,251,19.105711387199825,202.3982814086962
SNDK,TSM,0.6311013075122626,499,417.1060837906492,1223.226460449367
AXTI,IREN,0.6309839615536375,395,132.39909204047333,1749.739443313757
LITE,STXX,0.630956082394016,377,153.95520369928346,780.0955255775823
QQQ,TXN,0.6308115437371133,251,113.76398253268816,146.9919184270393
DELL,SOXL,0.6305358658160621,425,452.70516627611045,1038.844678339325
AMAT,EWY,0.6305056513941592,395,87.48024097363127,394.77880393892
ARM,MRVL,0.6301707126306139,472,104.72503654198758,527.7057213667568
BE,FLEX,0.6300910489440742,251,52.1643753955112,277.11157344637036
DRAM,GEV,0.6296978848506245,203,41.103267860275295,214.37897143522548
QCOM,TQQQ,0.6292038824022284,268,225.8117038917093,385.06363901788217
FLEX,SNXX,0.6291668305393805,208,146.92528084942765,1085.5902890265595
GLW,TER,0.6290159740602523,251,252.7309419654492,822.6250930379016
ARM,TER,0.6278153359241022,251,236.80730900057915,746.5838111815136
CIEN,GLW,0.6276182014468936,310,164.11656229030748,720.4400015167029
CIEN,DRAM,0.6272558861548982,310,62.121483916305024,356.1678075100062
CAT,CIEN,0.6272063301726299,251,80.22198174077934,283.1021906069155
BE,NBIS,0.6271330262306813,472,59.82824416844196,880.3977231939948
ALAB,NBIS,0.626957577788155,310,128.67750708786198,861.6005278574216
MRVL,TSM,0.6269332281280444,499,282.20683887283667,908.9659767386275
AMAT,GLW,0.6268798693888638,377,121.48984319734222,742.2361287976614
SQQQ,UVXY,0.6260192936367452,268,127.26661104182912,504.5039823144375
AAOI,NOK,0.6259127494921534,395,152.92830303981538,1440.014380370742
TQQQ,TXN,0.6251410412516819,251,170.18152150380854,405.36691302858213
GEV,LITE,0.6251278674687196,203,149.65433421199535,515.5843019156921
CIEN,INTW,0.6249938589915773,208,45.24679334066994,258.3890350444651
TQQQ,WDC,0.6247154778652048,268,245.2069708209102,1436.47580521581
ALAB,KLAC,0.624510424491723,310,104.41258297770298,943.5141803032633
CRDO,SKHY,0.6243906073237907,202,191.7331699659446,277.6813638458815
AMD,FLEX,0.6242933844004985,251,44.938682372724685,389.4597936516929
DRAM,KLAC,0.6242022942135225,310,47.187778046884816,405.13629084862384
COHR,TQQQ,0.6241769587751711,268,65.63357155137865,987.3490044629444
COHR,INTC,0.6241570539962198,472,128.83263069385958,893.8530605951604
INTW,NOK,0.6240090195969789,208,38.39752883757182,536.3800523790941
AMAT,INTC,0.6237212710498334,395,108.17359470066967,538.5876741740335
ASML,CRDO,0.6236173873975875,377,116.58892178601273,936.7589680818572
KLAC,SNXX,0.6236091191741504,208,124.98503118958895,1054.5343577756162
QCOM,TXN,0.6236031373506348,251,96.54100002074738,373.9005154122081
COHR,DRAM,0.623311517930583,472,139.21412063293752,1070.374535214661
AMD,BE,0.6228348363510523,472,227.47996327146444,1166.631521395421
QQQ,USAR,0.6224589485027691,499,536.4943939502047,1044.2209522816497
ALAB,CRWV,0.6224445506132151,310,533.9173578651241,612.2606740452522
INTC,IREN,0.6221109911567679,425,151.61490109447308,1045.0147296294672
DRAM,IREN,0.6221060276029154,425,165.08746336531743,1026.52921936408
NVDA,SOXL,0.6219073793109706,499,421.4465016880908,1731.6905560820553
INTC,SAMSUNG,0.621885314599326,433,64.57332035625284,535.2078316406514
LITE,MU,0.6217027216122895,499,158.43380242630093,1190.8154354346198
CRDO,TXN,0.6217014891477152,251,220.6665255838934,671.9408525794918
CAT,VRT,0.6214349883298479,203,63.95754159281565,200.9017448239286
NOW,ZM,0.6213959505880439,383,71.12281822766741,315.715442692551
NOK,TQQQ,0.6212001724646574,268,205.46065906413125,359.0369720153691
ASTS,USAR,0.620928743052302,436,98.50335973825518,612.768258292107
AXTI,MRVL,0.6206135718924141,395,210.00330001032663,1703.7887220477785
TSM,TXN,0.620397485733596,251,68.52197202515144,146.72920016860826
GLW,TSM,0.6198553277400832,377,311.86092933778116,913.6896233873239
SKHYNIX,WDC,0.6191929256128834,433,105.53644256396893,796.2794899389893
AMAT,CAT,0.6184920082130816,251,34.32503073283088,182.32303451260103
IREN,QQQ,0.6184143222877723,425,233.45913029458916,1186.483315133171
ASML,CIEN,0.6180238497529212,310,140.12957354541626,507.24388750258254
DELL,SKHY,0.6178880630556544,202,139.78909975993724,431.95084030640635
DELL,TQQQ,0.6177873962614961,268,155.08339079414907,327.17320731992044
KLAC,TQQQ,0.6174723090779383,268,124.3460898230268,267.4191087093617
FLEX,LITE,0.6171580814756377,251,144.51619240294298,419.3126792889301
MRVL,SKHYNIX,0.6164667008230466,433,151.56382502796274,932.9505113656612
ASML,STXX,0.6163036463531963,377,122.88925268427167,676.1337158348773
ASML,TXN,0.6160661528218733,251,82.00327524954403,242.7326371142538
ARM,INTC,0.6160027646455352,472,153.78099936452574,737.5690444848667
ASML,INTC,0.61536614834803,377,320.686629990582,758.3042439311888
CRDO,IREN,0.6149294249029363,395,155.5656935328895,892.3348508693853
COHR,SNXX,0.6147374890376132,208,206.91224324167354,1816.3426661182164
KLAC,MU,0.6145400416433097,310,46.583470378182746,330.57186043871116
SKHYNIX,TSM,0.6144981762014556,433,398.3429585593193,568.1804692945641
HOOD,MSTR,0.6144144579929102,499,396.0276323245676,1893.6163711643962
ASML,AVGO,0.614316272898878,377,255.00593133224817,343.9724099980103
NBIS,SOXL,0.6142247349973927,472,181.448677419287,907.0915413092517
IWM,QQQ,0.6140475000791643,395,107.71302910472168,142.70285170762918
AMD,IREN,0.6139574492088986,425,296.892689995532,1473.1630152920045
EWT,MU,0.6139293798934068,436,109.8414834885307,404.5690836659387
EWJ,EWT,0.6135466393983875,436,78.12774874628384,233.96651603131667
EWY,TER,0.6134891147470078,251,117.06538573728669,330.3625672892176
ARM,SNDK,0.6133709020074983,472,135.2081859819256,1201.6132422753606
ALAB,TXN,0.6129167515489182,251,129.6200269626064,438.55960743551407
CRDO,STXX,0.6128705234706939,377,108.14444573850967,923.987585583756
COHR,QQQ,0.6128588763878063,472,175.4208802886444,1235.727218960977
FLEX,GLW,0.6127298681665376,251,92.44518215980149,498.92297051931735
FLEX,TQQQ,0.6126721507395549,251,43.4475924904787,205.64084909430392
AMAT,TSM,0.6125680176338294,395,77.5115577149079,321.2616520826041
DRAM,LITE,0.6125447222457164,499,237.2740184039772,1287.0424212089467
LRCX,SAMSUNG,0.6123341933286065,310,29.55650766805186,296.0094263645321
BE,SOXL,0.612229812691172,472,129.3339191744075,876.6103207991607
CAT,SOXL,0.612205393491725,251,94.92817631136734,865.21661475361
AXTI,SOXL,0.6120109005380991,395,345.31638945821436,1925.636010221299
KLAC,TSM,0.6115114864409454,310,176.56238623978012,464.7301772117204
SKHY,TER,0.6110396482737049,202,144.10487621434999,286.3304344882426
HYUNDAI,SAMSUNG,0.6110238362731373,433,140.84456590211795,493.3403931597417
ARM,TSM,0.6108694455670965,472,450.1075022467444,609.3742507336176
EWY,STXX,0.610828935525292,377,52.11956053930298,473.7111844629555
DELL,MVLL,0.6100336650920724,268,187.64044232050313,1643.064176899575
ARM,CRDO,0.6098309240941154,395,222.22110084611475,535.568681184845
GEV,GLW,0.6094192677211937,203,112.87668646838434,262.5956367997833
CIEN,DELL,0.6093395812251489,310,268.6971823616444,500.9443259529251
AVGO,CRDO,0.6093365105469185,395,169.6973434832286,853.6989754099814
AMAT,TXN,0.609054151552359,251,57.916003204027355,228.77805341297832
AAOI,SNDK,0.6088700164105328,395,177.69756455708074,1546.920850169701
ARM,WDC,0.6083072937762286,472,210.48398106219142,1065.2027576745043
CIEN,TQQQ,0.6082716560275294,268,37.88058770443388,312.33734955337087
DRAM,EWJ,0.6080070223539852,499,296.59685156684816,990.7138699743357
INTC,LITE,0.6078359616306886,499,290.3371772782088,1304.1563865902567
CIEN,NOK,0.6076709753708085,310,129.6722442676225,404.47641152124237
ONDS,QQQ,0.6076005430051663,425,192.0850802609099,1276.3114307183853
LRCX,SKHYNIX,0.6073195229373171,310,118.12979070639096,459.10453449043376
CAT,STXX,0.6068688771527087,251,67.98372104258621,421.7706593483706
SAMSUNG,WDC,0.60684030598445,433,106.04121134736386,763.2913162887868
NBIS,SNDK,0.6062284887179967,472,176.32994100019135,1108.6905610113204
AAOI,FLEX,0.6059534101587235,251,129.27687020250698,966.2720769680268
BE,LRCX,0.6058932767791666,310,53.701674509283265,737.5478261303165
AMD,EWT,0.6055856357067074,436,62.72008418896686,530.2347536419637
BMNR,CRCL,0.6055636166125304,377,308.84636084197905,553.6571269761037
ALAB,STXX,0.6055586979846368,310,212.60574512281397,1139.6628922813288
AMD,GEV,0.6053264890485365,203,54.047323825978765,163.97454915841755
AMD,SPY,0.6048548554493854,499,88.213473462393,629.9671247989795
ARM,STXX,0.6045766154377757,377,182.52595362550306,791.7215988892696
LRCX,NBIS,0.6044935807683209,310,53.307483831194176,684.0985489169096
LITE,SKHY,0.6042878601887066,202,168.2493888337174,533.0034113908318
CRWV,SOXL,0.6039665233349332,499,199.80018670539673,1264.7935436394823
DRAM,NOK,0.6039117616174615,436,157.10028302621117,521.8028389660944
IREN,SNDK,0.6038935135779709,425,200.40247167020428,1372.9416369393944
GLW,MRVL,0.6034945115892799,377,131.2520983898415,652.5013930618317
BE,SNDK,0.6031393563986375,472,113.17962349643726,1121.811123883442
DRAM,HYUNDAI,0.6026371970534167,433,209.4905237674638,626.8109311523065
EWT,MVLL,0.6025257050232659,268,144.9028641347443,1729.7761277039385
AAOI,CRDO,0.6024830121619966,395,110.73715674468366,1140.8593229879446
AAOI,GLW,0.6020684547999887,377,179.9040760378288,974.0113107718595
MU,NBIS,0.6019839175385712,472,64.65812462372593,775.1092931289688
ASML,WDC,0.6017968137426474,377,328.2055549406617,981.0412335262575
AAOI,GEV,0.6017400206049759,203,211.0083491469705,323.95934153969625
BE,STXX,0.6015492376801421,377,125.13408889192876,1011.3596528687007
ARM,IREN,0.6008689158847164,425,91.11458635465381,865.3347075991537
ARM,QCOM,0.6006495686862787,472,84.6958893016812,639.8255682084178
ASML,SKHY,0.6004377391782519,202,44.56303616188888,404.67434879930096
GEV,TSM,0.6003453578406064,203,60.92980583999784,128.19406545209605
DELL,MRVL,0.6003073919516243,425,671.0343049745165,913.5337925141548
CRCL,HOOD,0.6002997102244713,499,364.1605896816988,1658.5742855487315
KLAC,WDC,0.6002854869555588,310,132.3854188805432,1194.0416088875068
MVLL,QCOM,0.6002188307552949,268,146.55293750829847,1644.0477082152502
IWM,TQQQ,0.5997427945879613,268,148.0236184543656,687.9819340383092
IREN,TER,0.5997090545798467,251,40.02928550940955,479.1728488277943
CIEN,HPE,0.5996228004184099,310,1289.0772104974005,391.66106118029245
DRAM,NBIS,0.5995655719621864,472,51.10413019432923,737.5029736322471
EWJ,SKHYNIX,0.5994718046279123,433,505.3495985525702,722.1587889073211
FLEX,QQQ,0.5992720529094003,251,67.07276977045497,302.02523933133324
STXX,TQQQ,0.5988028982045509,268,91.573370334324,852.1886313986454
LITE,SNDK,0.5985848155896435,499,482.4399605927417,1708.1741347940565
MRVL,SNDK,0.5985766746837362,499,145.54226673750668,1037.1434535568796
AMD,SKHYNIX,0.5984158238411381,433,335.68036749050526,671.7277672762873
ALAB,SKHY,0.5983970681997655,202,76.7276272439236,594.3905459516011
EWY,MRVL,0.5983833319620647,499,175.2642210888968,723.1179910695826
CRDO,NBIS,0.5981999483290461,395,84.10730558822321,853.3828247798003
LRCX,TXN,0.5980219856012312,251,57.864116191198626,313.77391002855
AXTI,MU,0.5976012338262113,395,258.8253106711584,2369.3450797909686
AVGO,SNXX,0.5974998257908946,208,161.84914602036284,1396.7330162788037
NOK,QQQ,0.5972932527480392,436,485.56508882825375,529.5652954845865
MU,QCOM,0.5972380739791955,499,248.44718219961823,976.2047767310913
LITE,QQQ,0.5970351361770277,499,99.29106663698003,835.7252128810372
BE,CIEN,0.5968113275828673,310,65.98198624774392,709.8126341651982
EWT,SPY,0.5966547001555755,436,130.5183048838437,339.6189032133021
ARM,LRCX,0.5965886621217898,310,43.85850532836793,500.21963235566733
DELL,DRAM,0.5964521440055862,425,825.846594690079,517.8171988667141
INTC,STXX,0.5963783971670209,377,139.28193830064498,722.2017051491566
CRCL,ONDS,0.5961656298951356,425,144.23297701919472,805.1292801366889
ASML,SAMSUNG,0.5952963899272609,377,154.3779008699955,608.6540639971381
CRDO,SAMSUNG,0.5952135220918536,395,108.39043705839508,699.0414002890535
CAT,COHR,0.5951291745607046,251,174.26328983123412,1079.575354988382
GLW,TQQQ,0.5950785574309719,268,87.3189826830836,462.8508990211565
EWJ,SPY,0.5941496805069107,499,63.07788386528305,175.91599686547005
ARM,FLEX,0.5936778226935273,251,37.052851495828406,483.6458263056076
AXTI,INTW,0.5934347279603596,208,277.93211069964855,889.6283926576684
CRDO,WDC,0.5933232809961481,395,498.22505869351534,1245.8568356660799
AMD,QCOM,0.59272214971165,499,406.85459954998754,729.2410313206002
DELL,LITE,0.592644993829628,425,126.82339182693096,795.8653448521135
AAOI,DELL,0.5925112646866365,395,255.29557490210405,1571.04069291652
GEV,TER,0.5919335557816974,203,146.6716456524813,176.15180739525803
KLAC,LITE,0.5918654397880975,310,382.4101271356161,527.7064736173986
ALAB,NOK,0.5918426309156843,310,64.47590477290316,626.700134312238
INTC,SKHYNIX,0.5916861119952654,433,90.09719321278274,628.5631552254523
COHR,IREN,0.591342678940914,425,102.57199528168924,905.2336286382315
DRAM,QCOM,0.5911493931480314,499,208.46225682222712,1061.1220919901555
ASML,LITE,0.5909922685794184,377,117.72083380313131,718.3739632260666
DELL,QQQ,0.590921959487639,425,113.32695375170792,460.74216013782024
CRWV,SMCI,0.5908600120556547,310,123.07399472686583,1148.7793584032624
CAT,FLEX,0.5906213169365837,251,24.172364230789693,186.9444354045952
EWT,SKHY,0.590516529855796,202,65.55579764066239,390.1863451309449
IREN,USAR,0.5901596133496996,425,89.08812549895896,961.7585224555103
CRWV,MU,0.5901390736839978,499,177.029822323257,1226.5870871671625
AAOI,WDC,0.5901030438216676,395,193.05927800400494,1936.4970866305596
AMD,KLAC,0.5898112239561615,310,120.83304348169511,595.0582127302212
CRM,ZM,0.5894224325234865,383,68.90789286548319,260.9312529070224
SOXL,USAR,0.5891300591049571,499,125.20011677552478,1310.1274237546352
RKLB,URNM,0.5886633407752339,389,240.81708590946528,931.1964173189333
QQQ,TSLA,0.5886330458301551,499,1167.3860200723625,689.2859234160164
INTW,TXN,0.5885595563435975,208,62.75213652658846,377.2463277836609
ASML,SKHYNIX,0.5881561563629123,377,522.2302580781726,597.1505571244481
AAOI,ARM,0.5881003032087804,395,97.6041092179957,1070.0382285907515
DELL,MU,0.5878439720026106,425,367.6437725244393,471.6335076339046
COHR,SNDK,0.5877048187553461,472,227.53710432176572,1406.7631656375527
CAT,LRCX,0.5875575500689756,251,38.47337766856111,234.9293177340008
KLAC,SKHY,0.5869953293075509,202,28.42564946628425,272.82226755536817
NBIS,TER,0.5864647809479829,251,49.06310217058104,720.3263446678368
AMAT,SKHYNIX,0.5863849020252401,395,248.28964210935985,454.055348129981
HYUNDAI,SKHYNIX,0.5863269253002921,433,262.35103094998516,968.3759622031048
CIEN,NBIS,0.5860280785420167,310,43.62904013928275,669.1376328426668
AMD,NOK,0.5859229140388101,436,364.4369393305572,743.4714140049988
DRAM,SPY,0.5855972823643059,499,282.8390199265529,1132.9089960311705
ALAB,IREN,0.5852835204531514,310,143.81082617664757,581.203756097332
AAOI,RKLB,0.585166077477265,395,69.80008179651384,674.5320891520878
CIEN,WDC,0.5851234134969041,310,118.53244379821653,1150.9528008807908
AAOI,ONDS,0.5849310427879635,395,176.20592988152364,981.5939882342901
SAMSUNG,STXX,0.5848322736344189,377,65.98541378345554,469.57696507927216
CIEN,INTC,0.5848120796756374,310,73.26907200990044,324.39293353429406
CRWV,TSM,0.5845309004651403,499,267.2266015530338,1122.7456981665337
COHR,FLEX,0.5845101178558915,251,110.3754899371339,968.8947517787601
AMD,CRWV,0.5844359079005428,499,323.67268703110364,1449.2501298841362
QQQ,STXX,0.5825503026710341,377,137.07228267333474,643.8855304093559
SAMSUNG,TER,0.5824720647828585,251,100.21821579014001,428.35044922866683
CRDO,EWT,0.5824123474461685,395,77.5819467181465,751.1672829243764
ARM,SAMSUNG,0.5821681420223224,433,69.06283407785413,566.6542649180395
ARM,CRWV,0.5819848881576671,472,128.94303750316095,755.3818192784613
ALAB,AVGO,0.5815341247344762,310,339.8327102789421,1010.2495169014512
KLAC,QQQ,0.5814650665502805,310,192.9840748135748,531.459637285583
AMAT,NBIS,0.5813207797638787,395,103.47493020944019,960.593066000046
BE,DRAM,0.5810270972918107,472,56.13656838735219,815.999180273384
KLAC,TXN,0.5807038855678981,251,108.47865480104254,416.39153866086707
AMD,TXN,0.5805108362771048,251,46.582572245826356,276.5120383294948
ASML,GLW,0.5804967702276241,377,317.0679642993478,1038.1817593992564
ALAB,EWY,0.5795067167120552,310,119.03949552440699,812.3588155975767
BE,MU,0.5795056713758695,472,89.91297222171349,907.6904146311884
FLEX,MU,0.5793109430425313,251,24.405901252263725,194.5742814479067
COST,WMT,0.5792080122887973,389,144.39273044654405,182.79297250283864
DELL,INTC,0.5789273647593921,425,1075.2908281319667,773.9733088758887
CRDO,KLAC,0.5789177283675864,310,193.57021815110883,583.6087335524786
MRVL,NOK,0.5774738437283642,436,44.07372971257715,790.9352943223189
CRWV,SNDK,0.577442800689105,499,344.7002045392066,1639.9302229181192
CRWV,LRCX,0.5771303084045991,310,177.61942167309408,835.7713052428152
AVGO,LRCX,0.5771006575804059,310,283.8080100249594,512.176805817194
EWY,NOK,0.5768665931616043,436,243.16940917817226,508.4985613958625
EWY,IREN,0.5766354866823222,425,144.8523645599712,949.0321479542364
LITE,WDC,0.5766344015060987,472,464.6052609658769,1238.457466368116
ONDS,URNM,0.5756617353861017,389,155.13053788500375,884.869196664425
NOK,TER,0.575512883824598,251,344.70164097048723,481.91724514511736
FLEX,WDC,0.5754486858332868,251,124.7020098726281,1156.0636724925523
AAOI,AMAT,0.5752381611709657,395,142.8118562122111,1477.0539248367804
TER,TXN,0.5751971357291195,251,155.7455148178801,356.67152639446545
BE,CRDO,0.5749207252404057,395,117.54284688678698,703.5846229995944
CRDO,SKHYNIX,0.5746065279349565,395,538.903267522166,709.0629983000097
BE,INTC,0.5744704672091512,472,59.290785131165414,578.3340956353256
EWJ,INTW,0.574393073335795,208,72.27636100268151,355.1114855102491
SMCI,SOXL,0.5743152198463929,310,310.5863308463226,1137.3949388911797
CRDO,GEV,0.5742405696707239,203,205.93429449213252,264.7145787983305
SKHYNIX,STXX,0.5741851194546911,377,267.14425755046125,493.34820929180364
GEV,WDC,0.5741769592650181,203,133.36615095257895,103.8520132304841
ASML,EWT,0.5740771634573022,377,35.382360548407846,293.2388524429809
NOK,SNXX,0.574007182029917,208,128.48080336709856,822.7063457423505
TQQQ,TSLA,0.5739747076433932,268,528.0502750341927,326.457432622102
EWT,INTW,0.5736861007397805,208,62.26641953177777,360.55504435933875
COHR,KLAC,0.5736742405109886,310,152.79933463328007,1181.4206179712176
MRVL,WDC,0.5735412272469458,472,197.06959858326135,1090.9936195273508
AMD,NBIS,0.5731103224314565,472,171.96743064183576,1155.0174765908005
ALAB,AXTI,0.5730187717593709,310,304.95159395792945,1455.7230221539712
RKLB,SNXX,0.5726722696032345,208,183.5002951199585,1500.3812759480043
AXTI,SNXX,0.5726529271486104,208,389.6295515289176,2169.530730156163
INTC,WDC,0.5725018546245231,472,115.42436781672404,1001.5122880397687
AMD,AXTI,0.5724890849220751,395,311.66798335015307,2921.2391502415044
AAOI,STXX,0.5720784960654052,377,138.36383339825016,1613.1024198891582
CRWV,DRAM,0.5720287700760242,499,169.3484661318176,1225.1539048485208
FLEX,INTW,0.5720173789050982,208,47.358322509892695,395.8920343036452
ARM,COHR,0.572013204662194,472,105.28452309736896,700.6901997907263
ARM,ASML,0.5719942435394749,377,471.335593511115,805.6346695058729
LITE,SAMSUNG,0.5713293517307966,433,165.1907745378641,787.8852220986812
AAOI,SKHY,0.5712598370413421,202,251.03850221201824,561.761924196296
BE,LITE,0.57125304013363,472,230.16026217208295,1190.5912908181097
TQQQ,USAR,0.5710076439310845,268,72.3913730372888,626.8925890029062
NBIS,TSM,0.5704844667156482,472,120.13809331304113,925.263193572196
AVGO,TER,0.5702701837610505,251,50.81023957032689,321.55042120085704
ONDS,SPY,0.5702591916074304,425,176.70321437834994,1319.801359760297
INTW,RKLB,0.5700871814544686,208,57.46245752471218,340.8550031759169
AAOI,IREN,0.5699760588973642,395,57.89433201413638,1045.0797435901318
CIEN,KLAC,0.5696890437048533,310,93.23357779803,435.83704066496955
CIEN,SKHY,0.5696435907555714,202,62.427023491544986,395.43258443647693
INTC,KLAC,0.5694523732274918,310,53.023923877313194,568.8675358399931
AMAT,SAMSUNG,0.5692243756431039,395,91.42427227254416,532.3037284102418
AVGO,DRAM,0.5686315219247527,499,381.107524510803,1325.6870405800857
CIEN,QQQ,0.5683835169929101,310,150.9800726830182,513.2139450004559
CRWV,LITE,0.5682641157572413,499,125.80414301443064,792.6828172697317
DRAM,GLW,0.5678794536573573,377,105.39879573330046,853.0192664454206
QQQ,RKLB,0.5678046063207756,499,469.09176135737164,1169.1676212210834
FLEX,NOK,0.5675069178934055,251,99.99448980598697,263.0249044059204
GEV,MVLL,0.5672339861733028,203,89.79957555704837,425.54739527749035
DELL,EWY,0.5671619177393079,425,426.09939166099724,470.95673430625135
STXX,TSM,0.5670106713452114,377,111.93590451745342,510.7316596105918
INTC,NOK,0.5668964683006844,436,168.195323771992,621.2736992944117
GEV,KLAC,0.5668807004925024,203,72.3178829282397,116.15172191002483
MVLL,RKLB,0.5668557939141089,268,83.4502313026761,905.9689547326807
CRWV,QQQ,0.5664857704418838,499,249.02161046009758,1175.322323222924
IREN,TSM,0.5660813290192013,425,221.5631534054129,1150.160035539766
ARM,NOK,0.5660144347583127,436,106.92039288692574,638.4269099971442
BE,IREN,0.5659567878078824,425,126.37211829484895,1176.8141885791335
GLW,SNDK,0.565868101226272,377,136.88612856631647,864.2344995814153
CIEN,CRWV,0.565816866666409,310,76.09594292279583,825.562926532647
CAT,LITE,0.5655488542791878,251,206.69958398739752,516.8772571037659
LRCX,NOK,0.5651101716178779,310,80.5737236847271,406.98755105841525
AXTI,CRWV,0.5649097541014181,395,111.26984514151043,1613.3165297099556
QQQ,URNM,0.5645814752693621,389,115.0016007529583,391.09907220029356
ARM,LITE,0.5643376866112485,472,340.48084184335625,630.8284777432328
NOW,PLTR,0.5642952808829265,425,121.1558160899012,684.8187275541968
SPY,TSLA,0.5640542325426011,499,1728.977242109902,744.4305400070782
MU,NOK,0.5638087803003802,436,208.00238907818672,626.6002912919167
BE,WDC,0.5636129253820426,472,116.36635729351958,1170.3924127386638
HPE,SNXX,0.5628956717991085,208,190.78749918310072,1051.076801795639
CRDO,CRWV,0.5622243787978742,395,87.28662938054171,717.9084729570061
GLW,WDC,0.5617475009190399,377,264.9888225099539,1500.0314798484524
IREN,LITE,0.5616706538805185,425,189.54447295122938,692.2241104762887
AAOI,KLAC,0.5616565686383072,310,142.78419146709496,1431.7002324692437
ORCL,USAR,0.561413433476121,499,116.85084743626712,820.418193219871
GEV,MRVL,0.561260724434596,203,99.79554354909789,251.40542916416837
CRWV,INTC,0.5612415267246819,499,226.8562142579262,1191.4135405557026
NBIS,SMCI,0.561205022213914,310,107.81635263556939,805.7803313187932
GLW,MU,0.5609313992052053,377,101.63196775673859,934.0756944530322
NBIS,SKHY,0.5608733907525038,202,84.26913702518223,703.866803825052
CIEN,TSM,0.5606221194536231,310,99.91757677602318,417.0109795674971
BE,TSM,0.5604368400313146,472,159.75261234917602,862.2033550279848
ASML,COHR,0.5604195095474684,377,194.0576821143882,1403.3783758375594
AVGO,EWY,0.5603972919070075,499,327.86026538598657,762.8390693431758
ARM,TXN,0.5603948479493011,251,88.644601733661,644.3434793401744
ORCL,QQQ,0.5596888891135852,499,935.7381001741046,1131.254436408948
LITE,TSM,0.5596366087218679,499,128.85721860391504,933.0740257502881
GEV,INTW,0.5596312649986684,203,65.45543271558462,396.8267317296783
KLAC,TER,0.5596111667924457,251,222.41028727525597,554.2495783563029
AXTI,DRAM,0.5595574172886935,395,248.9361139148925,2323.924668465561
AAOI,EWY,0.559260702556483,395,111.56431088798405,1357.167295110063
CRDO,SMCI,0.5591367884923083,310,156.3403344447194,763.158619011107
DELL,STXX,0.5591234138103149,377,340.9559469883823,601.5784356378841
MU,ONDS,0.5586256348263756,425,323.5069921300705,1095.78136113803
MVLL,USAR,0.5585426766503365,268,117.79749295121998,939.1051440451486
AAOI,USAR,0.5585258420141689,395,57.46056210880323,745.4738707229134
BE,CRWV,0.5585091151699684,472,112.19655670991683,1075.798488906214
AAOI,CRWV,0.5582577873690932,395,57.287783980473485,687.2999507672932
BE,GEV,0.5578846939592238,203,46.661732961900874,324.96923457244105
DRAM,FLEX,0.5577705515921684,251,29.07775495159827,269.0761364851239
AVGO,SPY,0.5575351912688182,499,141.72284025916383,412.894891756442
CBRS,INTW,0.5574053426330855,208,83.46901689159372,594.1275196564815
GLW,SKHY,0.5572720919607973,202,77.27402604608294,440.19925453430807
EWY,NVDA,0.5567672060773335,499,375.3222239878905,736.6935437899332
FLEX,GEV,0.5563799531245874,203,39.14231776910902,81.3184087065318
COHR,EWY,0.556253261836058,472,90.31807097201693,964.8626686881162
AXTI,INTC,0.5558046386125494,395,214.12934484735723,2000.2557839655506
EWT,LRCX,0.5556170655263958,310,122.40848752021476,338.9945422337225
MRVL,SMCI,0.5555294372559517,310,861.2753617321707,888.4681452405466
QCOM,WDC,0.5554811134668673,472,191.34158105533504,1081.1479069309828
AMAT,ARM,0.5553050938871523,395,172.704241184382,644.6804842627815
ONDS,SOXL,0.5552900834189786,425,513.5904924526794,1216.3905797216903
ASML,FLEX,0.5550780687426944,251,50.27263370159344,269.63368275413563
COHR,CRWV,0.5548545319137185,472,62.32833915129189,676.6371817781306
FLEX,INTC,0.5541212634985763,251,32.10768243821833,300.6877276196113
COHR,TSM,0.5539882924663894,472,163.3480618274609,1146.6739998471842
LITE,NBIS,0.5535322179782791,472,98.74940897833538,892.9836101835863
SPY,TSM,0.5532875060461773,499,117.74179470268668,446.71932986264846
CRDO,GLW,0.5530084371688794,377,177.7038234145354,487.35356731390215
AVGO,MRVL,0.5527147004860861,499,404.4093823380511,1312.7574442495898
APP,FLNC,0.552360134574963,203,69.21837210585466,510.83482925743226
MRVL,ONDS,0.5520257713923582,425,421.00507189468726,844.5779701955989
GEV,INTC,0.5516873467752902,203,50.89175639894342,246.7895725631202
INTC,NBIS,0.5514685323120262,472,66.37668895391879,840.6754384671576
NBIS,QQQ,0.5509160156861513,472,128.46998898096257,1060.798897018891
HPE,LITE,0.5507809370492103,395,119.64294798904493,645.2411239903299
DELL,SNDK,0.550780521104114,425,1806.1832298102315,746.977739421604
BE,COHR,0.5507226128641096,472,82.66936354492182,899.5372376654681
EWT,SNDK,0.5505823207713627,436,432.09406578646366,780.4258108836975
ARM,SKHYNIX,0.5505384325374583,433,109.04570705473219,850.8490721049089
FLEX,SKHY,0.5503207116618247,202,40.069008923582615,352.02536048943307
