ts,rate
2026-03-13 08:00:00.001000+00:00,0.0
2026-03-13 16:00:00.001000+00:00,0.0
2026-03-14 00:00:00.001000+00:00,0.0
2026-03-14 08:00:00.001000+00:00,0.0
2026-03-14 16:00:00.001000+00:00,0.0
2026-03-15 00:00:00.001000+00:00,0.0
2026-03-15 08:00:00.001000+00:00,0.0
2026-03-15 16:00:00.001000+00:00,0.0
2026-03-16 00:00:00.001000+00:00,0.0
2026-03-16 08:00:00.001000+00:00,0.0
2026-03-16 16:00:00.001000+00:00,0.00013212
2026-03-17 00:00:00.001000+00:00,0.00077828
2026-03-17 08:00:00.001000+00:00,0.00111822
2026-03-17 16:00:00.001000+00:00,0.00037116
2026-03-18 00:00:00.001000+00:00,0.00074685
2026-03-18 08:00:00.001000+00:00,0.0
2026-03-18 16:00:00.001000+00:00,0.0
2026-03-19 00:00:00.001000+00:00,0.00030568
2026-03-19 08:00:00+00:00,0.0
2026-03-19 16:00:00.001000+00:00,0.0
2026-03-20 00:00:00+00:00,0.00071038
2026-03-20 08:00:00.001000+00:00,0.0
2026-03-20 16:00:00.001000+00:00,0.0
2026-03-21 00:00:00.001000+00:00,0.00046561
2026-03-21 08:00:00.001000+00:00,0.00089848
2026-03-21 16:00:00.001000+00:00,0.00123877
2026-03-22 00:00:00.001000+00:00,0.00165001
2026-03-22 08:00:00+00:00,-0.00104707
2026-03-22 16:00:00.001000+00:00,-0.00479129
2026-03-23 00:00:00+00:00,-0.00768927
2026-03-23 08:00:00.001000+00:00,0.00029203
2026-03-23 16:00:00.001000+00:00,0.0
2026-03-24 00:00:00.001000+00:00,0.00022588
2026-03-24 08:00:00.002000+00:00,0.0
2026-03-24 16:00:00.001000+00:00,0.0
2026-03-25 00:00:00.001000+00:00,0.00061091
2026-03-25 08:00:00.001000+00:00,0.0
2026-03-25 16:00:00.001000+00:00,0.0
2026-03-26 00:00:00.001000+00:00,0.0
2026-03-26 08:00:00.001000+00:00,0.00023821
2026-03-26 16:00:00.001000+00:00,0.0
2026-03-27 00:00:00.002000+00:00,0.00108281
2026-03-27 08:00:00.001000+00:00,0.00026679
2026-03-27 16:00:00.001000+00:00,0.00093624
2026-03-28 00:00:00.002000+00:00,3.47e-06
2026-03-28 08:00:00.002000+00:00,0.00036802
2026-03-28 16:00:00.001000+00:00,0.00040254
2026-03-29 00:00:00.002000+00:00,0.00086463
2026-03-29 08:00:00.001000+00:00,-0.00029614
2026-03-29 16:00:00.001000+00:00,-0.00178714
2026-03-30 00:00:00.001000+00:00,-0.00433577
2026-03-30 08:00:00.001000+00:00,0.0
2026-03-30 16:00:00.001000+00:00,0.00017209
2026-03-31 00:00:00.002000+00:00,0.00015976
2026-03-31 08:00:00.001000+00:00,0.00074341
2026-03-31 16:00:00.001000+00:00,0.00017457
2026-04-01 00:00:00.001000+00:00,0.00103775
2026-04-01 08:00:00.002000+00:00,-0.00016442
2026-04-01 16:00:00.002000+00:00,-0.00047383
2026-04-02 00:00:00.001000+00:00,0.0
2026-04-02 08:00:00.001000+00:00,0.0
2026-04-02 16:00:00.001000+00:00,0.0
2026-04-03 00:00:00.001000+00:00,0.00079914
2026-04-03 08:00:00.001000+00:00,0.0
2026-04-03 16:00:00.002000+00:00,-0.00061488
2026-04-04 00:00:00.002000+00:00,-0.00072673
2026-04-04 08:00:00.001000+00:00,-0.00100755
2026-04-04 16:00:00.001000+00:00,-0.00110822
2026-04-05 00:00:00.001000+00:00,-0.00142407
2026-04-05 08:00:00.002000+00:00,-0.00162126
2026-04-05 16:00:00.001000+00:00,-0.00306578
2026-04-06 00:00:00.001000+00:00,-0.00297449
2026-04-06 08:00:00.001000+00:00,-1.728e-05
2026-04-06 16:00:00.001000+00:00,-0.00016516
2026-04-07 00:00:00.001000+00:00,0.0
2026-04-07 08:00:00.002000+00:00,-0.00058463
2026-04-07 16:00:00.002000+00:00,0.0
2026-04-08 00:00:00.001000+00:00,0.0
2026-04-08 08:00:00.002000+00:00,-0.00028287
2026-04-08 16:00:00.002000+00:00,-0.00042741
2026-04-09 00:00:00.001000+00:00,0.0
2026-04-09 08:00:00.001000+00:00,0.0
2026-04-09 16:00:00.001000+00:00,0.0
2026-04-10 00:00:00.001000+00:00,-0.00058123
2026-04-10 08:00:00.001000+00:00,-0.00016337
2026-04-10 16:00:00.001000+00:00,0.0
2026-04-11 00:00:00.001000+00:00,-0.0003134
2026-04-11 08:00:00.001000+00:00,0.0
2026-04-11 16:00:00.001000+00:00,0.0
2026-04-12 00:00:00.002000+00:00,0.00371487
2026-04-12 08:00:00.001000+00:00,-0.00540796
2026-04-12 16:00:00.001000+00:00,-0.00874747
2026-04-13 00:00:00.001000+00:00,-0.01154454
2026-04-13 08:00:00.001000+00:00,-0.00044129
2026-04-13 16:00:00.001000+00:00,-0.00048151
2026-04-14 00:00:00.001000+00:00,0.00058326
2026-04-14 08:00:00.001000+00:00,0.0
2026-04-14 16:00:00.001000+00:00,0.0
2026-04-15 00:00:00.001000+00:00,0.0
2026-04-15 08:00:00.001000+00:00,6.289e-05
2026-04-15 16:00:00.001000+00:00,-0.0002599
2026-04-16 00:00:00.001000+00:00,-0.0003951
2026-04-16 08:00:00.001000+00:00,0.0
2026-04-16 16:00:00.001000+00:00,0.0
2026-04-17 00:00:00.001000+00:00,-0.00036239
2026-04-17 08:00:00.001000+00:00,0.0
2026-04-17 16:00:00.001000+00:00,0.0
2026-04-18 00:00:00.002000+00:00,0.0
2026-04-18 08:00:00.001000+00:00,0.0
2026-04-18 16:00:00.001000+00:00,-5.08e-05
2026-04-19 00:00:00.001000+00:00,-0.00029486
2026-04-19 08:00:00.002000+00:00,-0.00244441
2026-04-19 16:00:00.001000+00:00,-0.00044069
2026-04-20 00:00:00.001000+00:00,-0.00734614
2026-04-20 08:00:00.002000+00:00,0.00044161
2026-04-20 16:00:00.002000+00:00,0.0
2026-04-21 00:00:00.001000+00:00,0.00064038
2026-04-21 08:00:00.001000+00:00,0.0
2026-04-21 16:00:00.001000+00:00,0.00041596
2026-04-22 00:00:00.001000+00:00,0.00027599
2026-04-22 08:00:00.001000+00:00,0.0
2026-04-22 16:00:00.002000+00:00,0.00044188
2026-04-23 00:00:00.002000+00:00,0.00025769
2026-04-23 08:00:00.002000+00:00,0.0
2026-04-23 16:00:00.002000+00:00,7e-06
2026-04-24 00:00:00.001000+00:00,0.00164244
2026-04-24 08:00:00.001000+00:00,0.0
2026-04-24 16:00:00.002000+00:00,0.00029899
2026-04-25 00:00:00.001000+00:00,0.0
2026-04-25 08:00:00.002000+00:00,0.0
2026-04-25 16:00:00.001000+00:00,0.0
2026-04-26 00:00:00.002000+00:00,-7.782e-05
2026-04-26 08:00:00.001000+00:00,0.0
2026-04-26 16:00:00.001000+00:00,0.0
2026-04-27 00:00:00.001000+00:00,0.00084527
2026-04-27 08:00:00.002000+00:00,0.0
2026-04-27 16:00:00.002000+00:00,3.436e-05
2026-04-28 00:00:00.001000+00:00,0.00084401
2026-04-28 08:00:00.001000+00:00,0.0
2026-04-28 16:00:00.001000+00:00,0.0
2026-04-29 00:00:00.001000+00:00,0.0
2026-04-29 08:00:00.001000+00:00,0.0
2026-04-29 16:00:00.002000+00:00,0.00015409
2026-04-30 00:00:00.001000+00:00,0.00059608
2026-04-30 08:00:00.001000+00:00,0.0
2026-04-30 16:00:00.002000+00:00,0.0
2026-05-01 00:00:00.001000+00:00,-0.00012959
2026-05-01 08:00:00.001000+00:00,0.0
2026-05-01 16:00:00.001000+00:00,0.00022696
2026-05-02 00:00:00.001000+00:00,0.0
2026-05-02 08:00:00.001000+00:00,0.0
2026-05-02 16:00:00.001000+00:00,0.0
2026-05-03 00:00:00.001000+00:00,8.248e-05
2026-05-03 08:00:00.001000+00:00,0.00019233
2026-05-03 16:00:00.001000+00:00,0.00109091
2026-05-04 00:00:00.002000+00:00,0.00395183
2026-05-04 08:00:00.001000+00:00,0.0
2026-05-04 16:00:00.001000+00:00,0.0
2026-05-05 00:00:00.001000+00:00,0.0
2026-05-05 08:00:00.001000+00:00,5.928e-05
2026-05-05 16:00:00.001000+00:00,0.00031139
2026-05-06 00:00:00.001000+00:00,0.00018737
2026-05-06 08:00:00.001000+00:00,0.0
2026-05-06 16:00:00.001000+00:00,0.00036871
2026-05-07 00:00:00.002000+00:00,0.0
2026-05-07 08:00:00.001000+00:00,0.0
2026-05-07 16:00:00.001000+00:00,0.0
2026-05-08 00:00:00.001000+00:00,0.00031393
2026-05-08 08:00:00.001000+00:00,0.0
2026-05-08 16:00:00.001000+00:00,0.0
2026-05-09 00:00:00.001000+00:00,0.0
2026-05-09 08:00:00.001000+00:00,0.0
2026-05-09 16:00:00.001000+00:00,0.0
2026-05-10 00:00:00.002000+00:00,0.000259
2026-05-10 08:00:00.001000+00:00,0.00117765
2026-05-10 16:00:00.001000+00:00,0.00351611
2026-05-11 00:00:00.002000+00:00,0.000849
2026-05-11 08:00:00.001000+00:00,0.00054353
2026-05-11 16:00:00.001000+00:00,5.927e-05
2026-05-12 00:00:00.001000+00:00,0.00015643
2026-05-12 08:00:00.001000+00:00,0.0
2026-05-12 16:00:00.001000+00:00,0.0
2026-05-13 00:00:00.002000+00:00,0.0
2026-05-13 08:00:00.001000+00:00,0.0
2026-05-13 16:00:00.001000+00:00,0.0
2026-05-14 00:00:00.001000+00:00,0.0
2026-05-14 08:00:00.001000+00:00,-0.00074841
2026-05-14 16:00:00.001000+00:00,-0.00075391
2026-05-15 00:00:00.002000+00:00,-0.00029666
2026-05-15 08:00:00.001000+00:00,-5.914e-05
2026-05-15 16:00:00.001000+00:00,0.0
2026-05-16 00:00:00.001000+00:00,-0.00075684
2026-05-16 08:00:00.001000+00:00,0.0
2026-05-16 16:00:00.001000+00:00,0.0
2026-05-17 00:00:00.001000+00:00,0.0
2026-05-17 08:00:00.001000+00:00,0.00054935
2026-05-17 16:00:00.001000+00:00,0.0
2026-05-18 00:00:00.001000+00:00,-0.00021066
2026-05-18 08:00:00.001000+00:00,-0.00084066
2026-05-18 16:00:00.001000+00:00,-0.00107442
2026-05-19 00:00:00.001000+00:00,-0.00058597
2026-05-19 08:00:00.001000+00:00,0.0
2026-05-19 16:00:00+00:00,-0.00010241
2026-05-20 00:00:00+00:00,0.0
2026-05-20 08:00:00+00:00,0.00049865
2026-05-20 16:00:00+00:00,0.0
2026-05-21 00:00:00+00:00,0.0006178
2026-05-21 08:00:00.001000+00:00,0.0
2026-05-21 16:00:00.001000+00:00,0.00025826
2026-05-22 00:00:00.001000+00:00,0.00077214
2026-05-22 08:00:00.001000+00:00,0.0
2026-05-22 16:00:00.001000+00:00,0.0
2026-05-23 00:00:00.001000+00:00,0.0
2026-05-23 08:00:00.001000+00:00,-0.0002423
2026-05-23 16:00:00.001000+00:00,0.00077442
2026-05-24 00:00:00.001000+00:00,0.00144017
2026-05-24 08:00:00.001000+00:00,0.0
2026-05-24 16:00:00.001000+00:00,0.0
2026-05-25 00:00:00.001000+00:00,0.00044552
2026-05-25 08:00:00.001000+00:00,0.0
2026-05-25 16:00:00.001000+00:00,0.00117758
2026-05-26 00:00:00.001000+00:00,0.0
2026-05-26 08:00:00.001000+00:00,-1.147e-05
2026-05-26 16:00:00.001000+00:00,0.0
2026-05-27 00:00:00.001000+00:00,0.0
2026-05-27 08:00:00.001000+00:00,0.0
2026-05-27 16:00:00.001000+00:00,0.0
2026-05-28 00:00:00.001000+00:00,0.0
2026-05-28 08:00:00.001000+00:00,0.0
2026-05-28 16:00:00.001000+00:00,-0.0002549
2026-05-29 00:00:00.001000+00:00,0.0
2026-05-29 08:00:00.001000+00:00,0.0
2026-05-29 16:00:00.001000+00:00,0.0
2026-05-30 00:00:00.001000+00:00,0.0
2026-05-30 08:00:00.001000+00:00,0.0
2026-05-30 16:00:00.001000+00:00,0.0
2026-05-31 00:00:00.001000+00:00,0.0
2026-05-31 08:00:00.001000+00:00,4.394e-05
2026-05-31 16:00:00.001000+00:00,0.0
2026-06-01 00:00:00.001000+00:00,-0.00048761
2026-06-01 08:00:00.001000+00:00,-1.889e-05
2026-06-01 16:00:00.001000+00:00,0.0
2026-06-02 00:00:00.001000+00:00,0.0
2026-06-02 08:00:00.001000+00:00,0.0
2026-06-02 16:00:00.001000+00:00,0.0
2026-06-03 00:00:00.001000+00:00,0.00025821
2026-06-03 08:00:00.001000+00:00,0.00015301
2026-06-03 16:00:00.001000+00:00,0.0
2026-06-04 00:00:00.001000+00:00,-0.00017669
2026-06-04 08:00:00.001000+00:00,0.0
2026-06-04 16:00:00.001000+00:00,0.0
2026-06-05 00:00:00.001000+00:00,0.0
2026-06-05 08:00:00.001000+00:00,0.00015977
2026-06-05 16:00:00.001000+00:00,2.753e-05
2026-06-06 00:00:00.001000+00:00,0.00082633
2026-06-06 08:00:00.001000+00:00,0.0
2026-06-06 16:00:00.001000+00:00,0.0
2026-06-07 00:00:00.002000+00:00,0.0
2026-06-07 08:00:00.001000+00:00,0.00025252
2026-06-07 16:00:00.001000+00:00,0.0
2026-06-08 00:00:00.001000+00:00,-0.00010063
2026-06-08 08:00:00.001000+00:00,0.00036474
2026-06-08 16:00:00.001000+00:00,0.00030862
2026-06-09 00:00:00.001000+00:00,0.0
2026-06-09 08:00:00.001000+00:00,-0.00019658
2026-06-09 16:00:00.001000+00:00,0.0
2026-06-10 00:00:00.001000+00:00,0.00063008
2026-06-10 08:00:00.001000+00:00,0.0
2026-06-10 16:00:00.001000+00:00,0.0
2026-06-11 00:00:00.001000+00:00,0.00026625
2026-06-11 08:00:00.001000+00:00,0.0
2026-06-11 16:00:00.001000+00:00,0.0
2026-06-12 00:00:00.001000+00:00,0.0
2026-06-12 08:00:00.001000+00:00,0.0
2026-06-12 16:00:00.001000+00:00,0.0
2026-06-13 00:00:00.001000+00:00,1.694e-05
2026-06-13 08:00:00.001000+00:00,0.0
2026-06-13 16:00:00.001000+00:00,0.0
2026-06-14 00:00:00.001000+00:00,0.0
2026-06-14 08:00:00.001000+00:00,0.0
2026-06-14 16:00:00.001000+00:00,0.0
2026-06-15 00:00:00.001000+00:00,0.00095827
2026-06-15 08:00:00.002000+00:00,0.0
2026-06-15 16:00:00.001000+00:00,0.0
2026-06-16 00:00:00.001000+00:00,0.0
2026-06-16 08:00:00.001000+00:00,0.0
2026-06-16 16:00:00.001000+00:00,0.0
2026-06-17 00:00:00.001000+00:00,0.0
2026-06-17 08:00:00.001000+00:00,0.0
2026-06-17 16:00:00.001000+00:00,0.0
2026-06-18 00:00:00.001000+00:00,0.00020148
2026-06-18 08:00:00.001000+00:00,0.0
2026-06-18 16:00:00.001000+00:00,0.0
2026-06-19 00:00:00.001000+00:00,-5.319e-05
2026-06-19 08:00:00.001000+00:00,0.0
2026-06-19 16:00:00.001000+00:00,0.0
2026-06-20 00:00:00.001000+00:00,0.0
2026-06-20 08:00:00.001000+00:00,0.0
2026-06-20 16:00:00.001000+00:00,0.0
2026-06-21 00:00:00.001000+00:00,0.0
2026-06-21 08:00:00.001000+00:00,0.0
2026-06-21 16:00:00.001000+00:00,0.0
2026-06-22 00:00:00.001000+00:00,-0.00054046
2026-06-22 08:00:00.001000+00:00,0.0
2026-06-22 16:00:00.001000+00:00,-0.00010845
2026-06-23 00:00:00.001000+00:00,0.0
2026-06-23 08:00:00.002000+00:00,4.075e-05
2026-06-23 16:00:00.001000+00:00,0.0
2026-06-24 00:00:00.001000+00:00,9.72e-05
2026-06-24 08:00:00.001000+00:00,-0.00036981
2026-06-24 16:00:00.001000+00:00,-0.00013431
2026-06-25 00:00:00.002000+00:00,-0.00058365
2026-06-25 08:00:00.001000+00:00,-0.00027646
2026-06-25 16:00:00.001000+00:00,0.0
2026-06-26 00:00:00.001000+00:00,0.00026615
2026-06-26 08:00:00.002000+00:00,0.00028139
2026-06-26 16:00:00.001000+00:00,0.0
2026-06-27 00:00:00.001000+00:00,-0.00043583
2026-06-27 08:00:00.001000+00:00,0.0
2026-06-27 16:00:00.001000+00:00,0.0
2026-06-28 00:00:00.002000+00:00,0.0
2026-06-28 08:00:00.002000+00:00,0.0
2026-06-28 16:00:00.001000+00:00,0.0
2026-06-29 00:00:00.001000+00:00,0.0
2026-06-29 08:00:00.001000+00:00,0.00023773
2026-06-29 16:00:00.001000+00:00,6.782e-05
2026-06-30 00:00:00+00:00,0.0
2026-06-30 08:00:00+00:00,0.0
2026-06-30 16:00:00.001000+00:00,0.00011996
2026-07-01 00:00:00+00:00,0.0
2026-07-01 08:00:00.001000+00:00,0.00017256
2026-07-01 16:00:00.001000+00:00,0.0
2026-07-02 00:00:00+00:00,0.00019178
2026-07-02 08:00:00.001000+00:00,0.00051441
2026-07-02 16:00:00.001000+00:00,0.0
2026-07-03 00:00:00.001000+00:00,0.00102765
2026-07-03 08:00:00.001000+00:00,0.00035708
2026-07-03 16:00:00.001000+00:00,0.0
2026-07-04 00:00:00.001000+00:00,0.0
2026-07-04 08:00:00.001000+00:00,0.0
2026-07-04 16:00:00.001000+00:00,0.0
2026-07-05 00:00:00.002000+00:00,0.0
2026-07-05 08:00:00.001000+00:00,0.0
2026-07-05 16:00:00.001000+00:00,0.0
2026-07-06 00:00:00.001000+00:00,0.0
2026-07-06 08:00:00.001000+00:00,0.0
2026-07-06 16:00:00.001000+00:00,0.0
2026-07-07 00:00:00.001000+00:00,0.0
2026-07-07 08:00:00.001000+00:00,0.00048722
2026-07-07 16:00:00.001000+00:00,0.0
2026-07-08 00:00:00.002000+00:00,0.0
2026-07-08 08:00:00.001000+00:00,0.00035677
2026-07-08 16:00:00.001000+00:00,0.0
2026-07-09 00:00:00.001000+00:00,0.00040468
2026-07-09 08:00:00.001000+00:00,0.00024985
2026-07-09 16:00:00.001000+00:00,0.0
2026-07-10 00:00:00.001000+00:00,0.00075203
2026-07-10 08:00:00.001000+00:00,0.0
2026-07-10 16:00:00.001000+00:00,0.0
2026-07-11 00:00:00.001000+00:00,0.00046911
2026-07-11 08:00:00.001000+00:00,0.0
2026-07-11 16:00:00.001000+00:00,0.0
2026-07-12 00:00:00.001000+00:00,0.0
2026-07-12 08:00:00.001000+00:00,0.0
2026-07-12 16:00:00.001000+00:00,0.0
2026-07-13 00:00:00.001000+00:00,-9.165e-05
2026-07-13 08:00:00.001000+00:00,0.00106469
2026-07-13 16:00:00.001000+00:00,0.0
2026-07-14 00:00:00.002000+00:00,0.0003168
2026-07-14 08:00:00.001000+00:00,0.00045031
2026-07-14 16:00:00.001000+00:00,0.0
2026-07-15 00:00:00.001000+00:00,0.0
2026-07-15 08:00:00.001000+00:00,0.0
2026-07-15 16:00:00.001000+00:00,0.0
2026-07-16 00:00:00.001000+00:00,0.00080187
2026-07-16 08:00:00.002000+00:00,0.00014193
2026-07-16 16:00:00.001000+00:00,0.0
2026-07-17 00:00:00.001000+00:00,0.00069927
2026-07-17 08:00:00.001000+00:00,4.333e-05
2026-07-17 16:00:00.001000+00:00,0.0
2026-07-18 00:00:00.001000+00:00,0.0
2026-07-18 08:00:00.001000+00:00,0.0
2026-07-18 16:00:00.001000+00:00,0.0
2026-07-19 00:00:00.001000+00:00,0.0
2026-07-19 08:00:00.001000+00:00,0.0
2026-07-19 16:00:00.001000+00:00,0.0
2026-07-20 00:00:00.002000+00:00,0.0
2026-07-20 08:00:00.001000+00:00,0.00031875
2026-07-20 16:00:00.001000+00:00,0.0
2026-07-21 00:00:00.001000+00:00,0.0
2026-07-21 08:00:00.001000+00:00,0.0001108
2026-07-21 16:00:00+00:00,0.0
2026-07-22 00:00:00+00:00,0.0
2026-07-22 08:00:00.001000+00:00,0.0
2026-07-22 16:00:00+00:00,0.0
2026-07-23 00:00:00+00:00,0.00023796
2026-07-23 08:00:00.001000+00:00,-0.00012598
2026-07-23 16:00:00.001000+00:00,0.0
2026-07-24 00:00:00+00:00,0.0
2026-07-24 08:00:00+00:00,0.0
2026-07-24 16:00:00+00:00,-8.643e-05
2026-07-25 00:00:00.001000+00:00,0.0
2026-07-25 08:00:00+00:00,0.0
2026-07-25 16:00:00+00:00,0.0
2026-07-26 00:00:00.001000+00:00,0.0
2026-07-26 08:00:00.001000+00:00,0.0
2026-07-26 16:00:00.001000+00:00,0.0
2026-07-27 00:00:00.001000+00:00,0.0008921
2026-07-27 08:00:00.001000+00:00,0.0
2026-07-27 16:00:00+00:00,0.0
2026-07-28 00:00:00+00:00,0.00020088
2026-07-28 08:00:00+00:00,0.0002583
2026-07-28 16:00:00+00:00,0.00016587
2026-07-29 00:00:00.001000+00:00,0.00074589
2026-07-29 08:00:00.001000+00:00,0.00087874
2026-07-29 16:00:00.001000+00:00,0.0
2026-07-30 00:00:00+00:00,0.00040304
2026-07-30 08:00:00.001000+00:00,0.0
2026-07-30 16:00:00+00:00,0.0
2026-07-31 00:00:00+00:00,0.0
2026-07-31 08:00:00.001000+00:00,-0.00039006
2026-07-31 16:00:00.001000+00:00,0.0
2026-08-01 00:00:00.001000+00:00,0.0
2026-08-01 08:00:00.002000+00:00,0.0
2026-08-01 16:00:00.002000+00:00,0.0
2026-08-02 00:00:00.002000+00:00,0.0
2026-08-02 08:00:00.002000+00:00,0.00030387
2026-08-02 16:00:00.001000+00:00,0.0
2026-08-03 00:00:00.001000+00:00,0.00022474
2026-08-03 08:00:00.002000+00:00,0.0
2026-08-03 16:00:00.001000+00:00,0.0
2026-08-04 00:00:00.001000+00:00,0.00034593
2026-08-04 08:00:00.001000+00:00,0.0
2026-08-04 16:00:00.001000+00:00,0.0
2026-08-05 00:00:00.001000+00:00,0.0
2026-08-05 08:00:00.001000+00:00,0.0
2026-08-05 16:00:00.001000+00:00,0.0
2026-08-06 00:00:00.001000+00:00,-0.00021389
2026-08-06 08:00:00.002000+00:00,0.00029579
2026-08-06 16:00:00.001000+00:00,0.0
2026-08-07 00:00:00.001000+00:00,0.0
2026-08-07 08:00:00.002000+00:00,0.0
2026-08-07 16:00:00.002000+00:00,0.0
2026-08-08 00:00:00.001000+00:00,-0.00011979
2026-08-08 08:00:00.001000+00:00,0.0
2026-08-08 16:00:00.001000+00:00,0.0
2026-08-09 00:00:00.001000+00:00,0.0
2026-08-09 08:00:00.001000+00:00,0.0
2026-08-09 16:00:00.001000+00:00,0.0
2026-08-10 00:00:00.002000+00:00,0.0
2026-08-10 08:00:00.001000+00:00,0.0
2026-08-10 16:00:00.002000+00:00,-0.00015884
2026-08-11 00:00:00.001000+00:00,0.00042248
2026-08-11 08:00:00.001000+00:00,0.0
2026-08-11 16:00:00.001000+00:00,0.0
2026-08-12 00:00:00.001000+00:00,0.00035812
2026-08-12 08:00:00.002000+00:00,0.0
2026-08-12 16:00:00.002000+00:00,0.0
2026-08-13 00:00:00.001000+00:00,0.00017519
2026-08-13 08:00:00.002000+00:00,0.0
